word,affect,posemo,negemo,anx,anger,sad,social,family,friend,health,leisure,death
abandon,1,0,1,0,0,1,0,0,0,0,0,0
abortion,0,0,0,0,0,0,0,0,0,1,0,0
abuse,1,0,1,0,1,0,0,0,0,0,0,0
abusi,1,0,1,0,1,0,0,0,0,0,0,0
accept,1,1,0,0,0,0,0,0,0,0,0,0
accepta,1,1,0,0,0,0,0,0,0,0,0,0
accepted,1,1,0,0,0,0,0,0,0,0,0,0
accepting,1,1,0,0,0,0,0,0,0,0,0,0
accepts,1,1,0,0,0,0,0,0,0,0,0,0
ache,1,0,1,0,0,1,0,0,0,1,0,0
aching,1,0,1,0,0,1,0,0,0,1,0,0
acne,0,0,0,0,0,0,0,0,0,1,0,0
acquainta,0,0,0,0,0,0,1,0,1,0,0,0
active,1,1,0,0,0,0,0,0,0,0,0,0
actor,0,0,0,0,0,0,0,0,0,0,1,0
actress,0,0,0,0,0,0,0,0,0,0,1,0
addict,0,0,0,0,0,0,0,0,0,1,0,0
admir,1,1,0,0,0,0,0,0,0,0,0,0
admit,0,0,0,0,0,0,1,0,0,0,0,0
admits,0,0,0,0,0,0,1,0,0,0,0,0
admitted,0,0,0,0,0,0,1,0,0,0,0,0
admitting,0,0,0,0,0,0,1,0,0,0,0,0
ador,1,1,0,0,0,0,0,0,0,0,0,0
adult,0,0,0,0,0,0,1,0,0,0,0,0
adults,0,0,0,0,0,0,1,0,0,0,0,0
advantag,1,1,0,0,0,0,0,0,0,0,0,0
adventur,1,1,0,0,0,0,0,0,0,0,0,0
advers,1,0,1,0,0,0,0,0,0,0,0,0
advice,0,0,0,0,0,0,1,0,0,0,0,0
advil,0,0,0,0,0,0,0,0,0,1,0,0
advis,0,0,0,0,0,0,1,0,0,0,0,0
aerobic,0,0,0,0,0,0,0,0,0,0,1,0
affair,0,0,0,0,0,0,1,0,0,0,0,0
affection,1,1,0,0,0,0,0,0,0,0,0,0
afraid,1,0,1,1,0,0,0,0,0,0,0,0
aggravat,1,0,1,0,1,0,0,0,0,0,0,0
aggress,1,0,1,0,1,0,0,0,0,0,0,0
agitat,1,0,1,0,1,0,0,0,0,0,0,0
agoniz,1,0,1,0,0,1,0,0,0,0,0,0
agony,1,0,1,0,0,1,0,0,0,0,0,0
agree,1,1,0,0,0,0,0,0,0,0,0,0
agreeab,1,1,0,0,0,0,0,0,0,0,0,0
agreed,1,1,0,0,0,0,0,0,0,0,0,0
agreeing,1,1,0,0,0,0,0,0,0,0,0,0
agreement,1,1,0,0,0,0,0,0,0,0,0,0
agrees,1,1,0,0,0,0,0,0,0,0,0,0
aids,0,0,0,0,0,0,0,0,0,1,0,0
alarm,1,0,1,1,0,0,0,0,0,0,0,0
alcohol,0,0,0,0,0,0,0,0,0,1,0,0
alive,0,0,0,0,0,0,0,0,0,1,0,1
allerg,0,0,0,0,0,0,0,0,0,1,0,0
alone,1,0,1,0,0,1,0,0,0,0,0,0
alright,1,1,0,0,0,0,0,0,0,0,0,0
amaz,1,1,0,0,0,0,0,0,0,0,0,0
amigo,0,0,0,0,0,0,1,0,1,0,0,0
amor,1,1,0,0,0,0,0,0,0,0,0,0
amput,0,0,0,0,0,0,0,0,0,1,0,0
amus,1,1,0,0,0,0,0,0,0,0,1,0
anger,1,0,1,0,1,0,0,0,0,0,0,0
angr,1,0,1,0,1,0,0,0,0,0,0,0
anguish,1,0,1,1,0,0,0,0,0,0,0,0
annoy,1,0,1,0,1,0,0,0,0,0,0,0
anorexi,0,0,0,0,0,0,0,0,0,1,0,0
antacid,0,0,0,0,0,0,0,0,0,1,0,0
antagoni,1,0,1,0,1,0,0,0,0,0,0,0
antidepressant,0,0,0,0,0,0,0,0,0,1,0,0
anxi,1,0,1,1,0,0,0,0,0,0,0,0
anybod,0,0,0,0,0,0,1,0,0,0,0,0
anyone,0,0,0,0,0,0,1,0,0,0,0,0
aok,1,1,0,0,0,0,0,0,0,0,0,0
apartment,0,0,0,0,0,0,0,0,0,0,1,0
apath,1,0,1,0,0,0,0,0,0,0,0,0
apolog,0,0,0,0,0,0,1,0,0,0,0,0
appall,1,0,1,0,0,0,0,0,0,0,0,0
appendic,0,0,0,0,0,0,0,0,0,1,0,0
appreciat,1,1,0,0,0,0,0,0,0,0,0,0
apprehens,1,0,1,1,0,0,0,0,0,0,0,0
argh,1,0,1,0,1,0,0,0,0,0,0,0
argu,1,0,1,0,1,0,1,0,0,0,0,0
armies,0,0,0,0,0,0,1,0,0,0,0,0
army,0,0,0,0,0,0,1,0,0,0,0,0
arrogan,1,0,1,0,1,0,0,0,0,0,0,0
art,0,0,0,0,0,0,0,0,0,0,1,0
arthr,0,0,0,0,0,0,0,0,0,1,0,0
artist,0,0,0,0,0,0,0,0,0,0,1,0
arts,0,0,0,0,0,0,0,0,0,0,1,0
asham,1,0,1,1,0,0,0,0,0,0,0,0
ask,0,0,0,0,0,0,1,0,0,0,0,0
asked,0,0,0,0,0,0,1,0,0,0,0,0
asking,0,0,0,0,0,0,1,0,0,0,0,0
asks,0,0,0,0,0,0,1,0,0,0,0,0
aspirin,0,0,0,0,0,0,0,0,0,1,0,0
assault,1,0,1,0,1,0,0,0,0,0,0,0
assembl,0,0,0,0,0,0,1,0,0,0,0,0
asshole,1,0,1,0,1,0,0,0,0,0,0,0
assur,1,1,0,0,0,0,0,0,0,0,0,0
asthma,0,0,0,0,0,0,0,0,0,1,0,0
athletic,0,0,0,0,0,0,0,0,0,0,1,0
attachment,1,1,0,0,0,0,0,0,0,0,0,0
attack,1,0,1,0,1,0,0,0,0,0,0,0
attract,1,1,0,0,0,0,0,0,0,0,0,0
aunt,0,0,0,0,0,0,1,1,0,0,0,0
autops,0,0,0,0,0,0,0,0,0,0,0,1
aversi,1,0,1,1,0,0,0,0,0,0,0,0
avoid,1,0,1,1,0,0,0,0,0,0,0,0
award,1,1,0,0,0,0,0,0,0,0,0,0
awesome,1,1,0,0,0,0,0,0,0,0,0,0
awful,1,0,1,0,0,0,0,0,0,0,0,0
awkward,1,0,1,1,0,0,0,0,0,0,0,0
babe,0,0,0,0,0,0,1,0,0,0,0,0
babies,0,0,0,0,0,0,1,0,0,0,0,0
baby,0,0,0,0,0,0,1,0,0,0,0,0
bad,1,0,1,0,0,0,0,0,0,0,0,0
ball,0,0,0,0,0,0,0,0,0,0,1,0
ballet,0,0,0,0,0,0,0,0,0,0,1,0
bambino,0,0,0,0,0,0,1,0,0,0,0,0
band,0,0,0,0,0,0,1,0,0,0,1,0
bandage,0,0,0,0,0,0,0,0,0,1,0,0
bandaid,0,0,0,0,0,0,0,0,0,1,0,0
bands,0,0,0,0,0,0,1,0,0,0,1,0
bar,0,0,0,0,0,0,0,0,0,0,1,0
bars,0,0,0,0,0,0,0,0,0,0,1,0
baseball,0,0,0,0,0,0,0,0,0,0,1,0
bashful,1,0,1,0,0,0,0,0,0,0,0,0
basketball,0,0,0,0,0,0,0,0,0,0,1,0
bastard,1,0,1,0,1,0,0,0,0,0,0,0
bath,0,0,0,0,0,0,0,0,0,0,1,0
battl,1,0,1,0,1,0,0,0,0,0,0,0
beach,0,0,0,0,0,0,0,0,0,0,1,0
beaten,1,0,1,0,1,0,0,0,0,0,0,0
beaut,1,1,0,0,0,0,0,0,0,0,0,0
beer,0,0,0,0,0,0,0,0,0,0,1,0
beloved,1,1,0,0,0,0,0,0,0,0,0,0
benefic,1,1,0,0,0,0,0,0,0,0,0,0
benefit,1,1,0,0,0,0,0,0,0,0,0,0
benefits,1,1,0,0,0,0,0,0,0,0,0,0
benefitt,1,1,0,0,0,0,0,0,0,0,0,0
benevolen,1,1,0,0,0,0,0,0,0,0,0,0
benign,1,1,0,0,0,0,0,0,0,0,0,0
bereave,0,0,0,0,0,0,0,0,0,0,0,1
best,1,1,0,0,0,0,0,0,0,0,0,0
better,1,1,0,0,0,0,0,0,0,0,0,0
bf,0,0,0,0,0,0,1,0,1,0,0,0
bicyc,0,0,0,0,0,0,0,0,0,0,1,0
bike,0,0,0,0,0,0,0,0,0,0,1,0
binge,0,0,0,0,0,0,0,0,0,1,0,0
binging,0,0,0,0,0,0,0,0,0,1,0,0
bipolar,0,0,0,0,0,0,0,0,0,1,0,0
birdie,0,0,0,0,0,0,0,0,0,0,1,0
bitch,1,0,1,0,1,0,0,0,0,0,0,0
bitter,1,0,1,0,1,0,0,0,0,0,0,0
blackjack,0,0,0,0,0,0,0,0,0,0,1,0
blam,1,0,1,0,1,0,1,0,0,0,0,0
bleed,0,0,0,0,0,0,0,0,0,1,0,0
bless,1,1,0,0,0,0,0,0,0,0,0,0
blind,0,0,0,0,0,0,0,0,0,1,0,0
blockbuster,0,0,0,0,0,0,0,0,0,0,1,0
blog,0,0,0,0,0,0,0,0,0,0,1,0
bold,1,1,0,0,0,0,0,0,0,0,0,0
bonus,1,1,0,0,0,0,0,0,0,0,0,0
book,0,0,0,0,0,0,0,0,0,0,1,0
bore,1,0,1,0,0,0,0,0,0,0,0,0
boring,1,0,1,0,0,0,0,0,0,0,0,0
bother,1,0,1,0,1,0,0,0,0,0,0,0
boy,0,0,0,0,0,0,1,0,0,0,0,0
boy's,0,0,0,0,0,0,1,0,0,0,0,0
boyf,0,0,0,0,0,0,1,0,1,0,0,0
boys,0,0,0,0,0,0,1,0,0,0,0,0
brave,1,1,0,0,0,0,0,0,0,0,0,0
bright,1,1,0,0,0,0,0,0,0,0,0,0
brillian,1,1,0,0,0,0,0,0,0,0,0,0
bro,0,0,0,0,0,0,1,1,0,0,0,0
broke,1,0,1,0,0,1,0,0,0,0,0,0
bronchi,0,0,0,0,0,0,0,0,0,1,0,0
bros,0,0,0,0,0,0,1,1,0,0,0,0
brother,0,0,0,0,0,0,1,1,0,0,0,0
brutal,1,0,1,0,1,0,0,0,0,0,0,0
bud,0,0,0,0,0,0,1,0,1,0,0,0
buddies,0,0,0,0,0,0,1,0,1,0,0,0
buddy,0,0,0,0,0,0,1,0,1,0,0,0
bulimi,0,0,0,0,0,0,0,0,0,1,0,0
burden,1,0,1,0,0,0,0,0,0,0,0,0
burial,0,0,0,0,0,0,0,0,0,0,0,1
buried,0,0,0,0,0,0,0,0,0,0,0,1
burp,0,0,0,0,0,0,0,0,0,1,0,0
bury,0,0,0,0,0,0,0,0,0,0,0,1
bye,0,0,0,0,0,0,1,0,0,0,0,0
call,0,0,0,0,0,0,1,0,0,0,0,0
called,0,0,0,0,0,0,1,0,0,0,0,0
caller,0,0,0,0,0,0,1,0,0,0,0,0
calling,0,0,0,0,0,0,1,0,0,0,0,0
calls,0,0,0,0,0,0,1,0,0,0,0,0
calm,1,1,0,0,0,0,0,0,0,0,0,0
camping,0,0,0,0,0,0,0,0,0,0,1,0
cancer,0,0,0,0,0,0,0,0,0,1,0,0
captain,0,0,0,0,0,0,1,0,0,0,0,0
cardia,0,0,0,0,0,0,0,0,0,1,0,0
cardio,0,0,0,0,0,0,0,0,0,1,0,0
cards,0,0,0,0,0,0,0,0,0,0,1,0
care,1,1,0,0,0,0,0,0,0,0,0,0
cared,1,1,0,0,0,0,0,0,0,0,0,0
carefree,1,1,0,0,0,0,0,0,0,0,0,0
careful,1,1,0,0,0,0,0,0,0,0,0,0
careless,1,0,1,0,0,0,0,0,0,0,0,0
cares,1,1,0,0,0,0,0,0,0,0,0,0
caring,1,1,0,0,0,0,0,0,0,0,0,0
casino,0,0,0,0,0,0,0,0,0,0,1,0
casket,0,0,0,0,0,0,0,0,0,0,0,1
casual,1,1,0,0,0,0,0,0,0,0,1,0
casually,1,1,0,0,0,0,0,0,0,0,0,0
casualt,0,0,0,0,0,0,0,0,0,0,0,1
cd,0,0,0,0,0,0,0,0,0,0,1,0
celebrat,0,0,0,0,0,0,1,0,0,0,1,0
celebrit,0,0,0,0,0,0,0,0,0,0,1,0
cell,0,0,0,0,0,0,1,0,0,0,0,0
cellphon,0,0,0,0,0,0,1,0,0,0,0,0
cells,0,0,0,0,0,0,1,0,0,0,0,0
cellular,0,0,0,0,0,0,1,0,0,0,0,0
cemet,0,0,0,0,0,0,0,0,0,0,0,1
certain,1,1,0,0,0,0,0,0,0,0,0,0
challeng,1,1,0,0,0,0,0,0,0,0,0,0
champ,1,1,0,0,0,0,0,0,0,0,0,0
channel,0,0,0,0,0,0,0,0,0,0,1,0
charit,1,1,0,0,0,0,0,0,0,0,0,0
charm,1,1,0,0,0,0,0,0,0,0,0,0
chat,0,0,0,0,0,0,1,0,0,0,1,0
cheat,1,0,1,0,1,0,0,0,0,0,0,0
checkers,0,0,0,0,0,0,0,0,0,0,1,0
checkup,0,0,0,0,0,0,0,0,0,1,0,0
cheer,1,1,0,0,0,0,0,0,0,0,0,0
cherish,1,1,0,0,0,0,0,0,0,0,0,0
chess,0,0,0,0,0,0,0,0,0,0,1,0
chick,0,0,0,0,0,0,1,0,0,0,0,0
chick',0,0,0,0,0,0,1,0,0,0,0,0
child,0,0,0,0,0,0,1,0,0,0,0,0
child's,0,0,0,0,0,0,1,0,0,0,0,0
children,0,0,0,0,0,0,1,0,0,0,0,0
chillin,0,0,0,0,0,0,0,0,0,0,1,0
chills,0,0,0,0,0,0,0,0,0,1,0,0
chiropract,0,0,0,0,0,0,0,0,0,1,0,0
chlamydia,0,0,0,0,0,0,0,0,0,1,0,0
choir,0,0,0,0,0,0,0,0,0,0,1,0
chok,0,0,0,0,0,0,0,0,0,1,0,0
cholester,0,0,0,0,0,0,0,0,0,1,0,0
chorus,0,0,0,0,0,0,0,0,0,0,1,0
chronic,0,0,0,0,0,0,0,0,0,1,0,0
chuckl,1,1,0,0,0,0,0,0,0,0,0,0
cinema,0,0,0,0,0,0,0,0,0,0,1,0
citizen,0,0,0,0,0,0,1,0,0,0,0,0
citizen',0,0,0,0,0,0,1,0,0,0,0,0
citizens,0,0,0,0,0,0,1,0,0,0,0,0
clever,1,1,0,0,0,0,0,0,0,0,0,0
clinic,0,0,0,0,0,0,0,0,0,1,0,0
club,0,0,0,0,0,0,0,0,0,0,1,0
coach,0,0,0,0,0,0,0,0,0,0,1,0
cocktail,0,0,0,0,0,0,0,0,0,0,1,0
codeine,0,0,0,0,0,0,0,0,0,1,0,0
coffee,0,0,0,0,0,0,0,0,0,0,1,0
coffin,0,0,0,0,0,0,0,0,0,0,0,1
colleague,0,0,0,0,0,0,1,0,1,0,0,0
colono,0,0,0,0,0,0,0,0,0,1,0,0
coma,0,0,0,0,0,0,0,0,0,1,0,0
comed,1,1,0,0,0,0,0,0,0,0,1,0
comfort,1,1,0,0,0,0,0,0,0,0,0,0
comic,0,0,0,0,0,0,0,0,0,0,1,0
comment,0,0,0,0,0,0,1,0,0,0,0,0
commitment,1,1,0,0,0,0,0,0,0,0,0,0
commun,0,0,0,0,0,0,1,0,0,0,0,0
companion,0,0,0,0,0,0,1,0,1,0,0,0
companions,0,0,0,0,0,0,1,0,1,0,0,0
companionship,0,0,0,0,0,0,1,0,0,0,0,0
compassion,1,1,0,0,0,0,1,0,0,0,0,0
complain,1,0,1,0,0,0,1,0,0,0,0,0
compliment,1,1,0,0,0,0,0,0,0,0,0,0
comrad,0,0,0,0,0,0,1,0,1,0,0,0
concerned,1,0,0,0,0,0,0,0,0,0,0,0
concert,0,0,0,0,0,0,0,0,0,0,1,0
confess,0,0,0,0,0,0,1,0,0,0,0,0
confide,0,0,0,0,0,0,1,0,0,0,0,0
confided,0,0,0,0,0,0,1,0,0,0,0,0
confidence,1,1,0,0,0,0,0,0,0,0,0,0
confident,1,1,0,0,0,0,0,0,0,0,0,0
confidently,1,1,0,0,0,0,0,0,0,0,0,0
confides,0,0,0,0,0,0,1,0,0,0,0,0
confiding,0,0,0,0,0,0,1,0,0,0,0,0
confront,1,0,1,0,1,0,0,0,0,0,0,0
confus,1,0,1,1,0,0,0,0,0,0,0,0
congest,0,0,0,0,0,0,0,0,0,1,0,0
congregat,0,0,0,0,0,0,1,0,0,0,0,0
considerate,1,1,0,0,0,0,0,0,0,0,0,0
constipat,0,0,0,0,0,0,0,0,0,1,0,0
consult,0,0,0,0,0,0,1,0,0,0,0,0
contact,0,0,0,0,0,0,1,0,0,0,0,0
contag,0,0,0,0,0,0,0,0,0,1,0,0
contempt,1,0,1,0,1,0,0,0,0,0,0,0
contented,1,1,0,0,0,0,0,0,0,0,0,0
contentment,1,1,0,0,0,0,0,0,0,0,0,0
contradic,1,0,1,0,1,0,1,0,0,0,0,0
convers,0,0,0,0,0,0,1,0,0,0,0,0
convinc,1,1,0,0,0,0,0,0,0,0,0,0
cook,0,0,0,0,0,0,0,0,0,0,1,0
cool,1,1,0,0,0,0,0,0,0,0,0,0
coronar,0,0,0,0,0,0,0,0,0,1,0,0
coroner,0,0,0,0,0,0,0,0,0,0,0,1
corpse,0,0,0,0,0,0,0,0,0,0,0,1
cough,0,0,0,0,0,0,0,0,0,1,0,0
counc,0,0,0,0,0,0,1,0,0,0,0,0
couns,0,0,0,0,0,0,1,0,0,0,0,0
courag,1,1,0,0,0,0,0,0,0,0,0,0
cousin,0,0,0,0,0,0,1,1,0,0,0,0
coworker,0,0,0,0,0,0,1,0,0,0,0,0
cramp,0,0,0,0,0,0,0,0,0,1,0,0
crap,1,0,1,0,1,0,0,0,0,0,0,0
crappy,1,0,1,0,1,0,0,0,0,0,0,0
craz,1,0,1,1,0,0,0,0,0,0,0,0
create,1,1,0,0,0,0,0,0,0,0,0,0
creati,1,1,0,0,0,0,0,0,0,0,0,0
credit,1,1,0,0,0,0,0,0,0,0,0,0
cremat,0,0,0,0,0,0,0,0,0,0,0,1
cried,1,0,1,0,0,1,0,0,0,0,0,0
cries,1,0,1,0,0,1,0,0,0,0,0,0
critical,1,0,1,0,1,0,0,0,0,0,0,0
critici,1,0,1,0,1,0,0,0,0,0,0,0
crowd,0,0,0,0,0,0,1,0,0,0,0,0
crude,1,0,1,0,1,0,0,0,0,0,0,0
cruel,1,0,1,0,1,0,0,0,0,0,0,0
cruis,0,0,0,0,0,0,0,0,0,0,1,0
crushed,1,0,1,0,0,1,0,0,0,0,0,0
cry,1,0,1,0,0,1,0,0,0,0,0,0
crying,1,0,1,0,0,1,0,0,0,0,0,0
crypt,0,0,0,0,0,0,0,0,0,0,0,1
cultur,0,0,0,0,0,0,1,0,0,0,0,0
cunt,1,0,1,0,1,0,0,0,0,0,0,0
cut,1,0,1,0,1,0,0,0,0,0,0,0
cute,1,1,0,0,0,0,0,0,0,0,0,0
cutie,1,1,0,0,0,0,0,0,0,0,0,0
cynic,1,0,1,0,1,0,0,0,0,0,0,0
cyst,0,0,0,0,0,0,0,0,0,1,0,0
dad,0,0,0,0,0,0,1,1,0,0,0,0
damag,1,0,1,0,0,1,0,0,0,0,0,0
damn,1,0,1,0,1,0,0,0,0,0,0,0
danc,0,0,0,0,0,0,0,0,0,0,1,0
danger,1,0,1,0,1,0,0,0,0,0,0,0
daring,1,1,0,0,0,0,0,0,0,0,0,0
darlin,1,1,0,0,0,0,0,0,0,0,0,0
dating,0,0,0,0,0,0,1,0,0,0,0,0
daughter,0,0,0,0,0,0,1,1,0,0,0,0
daze,1,0,1,0,0,0,0,0,0,0,0,0
dead,0,0,0,0,0,0,0,0,0,0,0,1
deaf,0,0,0,0,0,0,0,0,0,1,0,0
deal,0,0,0,0,0,0,1,0,0,0,0,0
dear,1,1,0,0,0,0,0,0,0,0,0,0
death,0,0,0,0,0,0,0,0,0,0,0,1
decay,1,0,1,0,0,0,0,0,0,0,0,0
decease,0,0,0,0,0,0,0,0,0,0,0,1
decongest,0,0,0,0,0,0,0,0,0,1,0,0
decorat,0,0,0,0,0,0,0,0,0,0,1,0
defeat,1,0,1,0,0,1,0,0,0,0,0,0
defect,1,0,1,0,0,0,0,0,0,0,0,0
defenc,1,0,1,0,1,0,0,0,0,0,0,0
defens,1,0,1,0,1,0,0,0,0,0,0,0
definite,1,1,0,0,0,0,0,0,0,0,0,0
definitely,1,1,0,0,0,0,0,0,0,0,0,0
degrad,1,0,1,0,0,0,0,0,0,0,0,0
delectabl,1,1,0,0,0,0,0,0,0,0,0,0
delicate,1,1,0,0,0,0,0,0,0,0,0,0
delicious,1,1,0,0,0,0,0,0,0,0,0,0
deligh,1,1,0,0,0,0,0,0,0,0,0,0
demise,0,0,0,0,0,0,0,0,0,0,0,1
dentist,0,0,0,0,0,0,0,0,0,1,0,0
depress,1,0,1,0,0,1,0,0,0,0,0,0
depriv,1,0,1,0,0,1,0,0,0,0,0,0
derma,0,0,0,0,0,0,0,0,0,1,0,0
describe,0,0,0,0,0,0,1,0,0,0,0,0
described,0,0,0,0,0,0,1,0,0,0,0,0
describes,0,0,0,0,0,0,1,0,0,0,0,0
describing,0,0,0,0,0,0,1,0,0,0,0,0
despair,1,0,1,0,0,1,0,0,0,0,0,0
desperat,1,0,1,1,0,0,0,0,0,0,0,0
despis,1,0,1,0,1,0,0,0,0,0,0,0
destroy,1,0,1,0,1,0,0,0,0,0,0,0
destruct,1,0,1,0,1,0,0,0,0,0,0,0
determina,1,1,0,0,0,0,0,0,0,0,0,0
determined,1,1,0,0,0,0,0,0,0,0,0,0
detox,0,0,0,0,0,0,0,0,0,1,0,0
devastat,1,0,1,0,0,1,0,0,0,0,0,0
devil,1,0,1,0,0,0,0,0,0,0,0,0
devot,1,1,0,0,0,0,0,0,0,0,0,0
diabet,0,0,0,0,0,0,0,0,0,1,0,0
diagnos,0,0,0,0,0,0,0,0,0,1,0,0
diaries,0,0,0,0,0,0,0,0,0,0,1,0
diarr,0,0,0,0,0,0,0,0,0,1,0,0
diary,0,0,0,0,0,0,0,0,0,0,1,0
die,0,0,0,0,0,0,0,0,0,0,0,1
died,0,0,0,0,0,0,0,0,0,0,0,1
dies,0,0,0,0,0,0,0,0,0,0,0,1
difficult,1,0,1,0,0,0,0,0,0,0,0,0
digest,0,0,0,0,0,0,0,0,0,1,0,0
digni,1,1,0,0,0,0,0,0,0,0,0,0
disadvantage,1,0,1,0,0,1,0,0,0,0,0,0
disagree,1,0,1,0,0,0,0,0,0,0,0,0
disappoint,1,0,1,0,0,1,0,0,0,0,0,0
disaster,1,0,1,0,0,0,0,0,0,0,0,0
disclo,0,0,0,0,0,0,1,0,0,0,0,0
discomfort,1,0,1,1,0,0,0,0,0,0,0,0
discourag,1,0,1,0,0,1,0,0,0,0,0,0
discuss,0,0,0,0,0,0,1,0,0,0,0,0
disease,0,0,0,0,0,0,0,0,0,1,0,0
disgust,1,0,1,0,1,0,0,0,0,0,0,0
dishearten,1,0,1,0,0,1,0,0,0,0,0,0
disillusion,1,0,1,0,0,1,0,0,0,0,0,0
dislike,1,0,1,0,0,0,0,0,0,0,0,0
disliked,1,0,1,0,0,0,0,0,0,0,0,0
dislikes,1,0,1,0,0,0,0,0,0,0,0,0
disliking,1,0,1,0,0,0,0,0,0,0,0,0
dismay,1,0,1,0,0,0,0,0,0,0,0,0
dissatisf,1,0,1,0,0,1,0,0,0,0,0,0
distract,1,0,1,1,0,0,0,0,0,0,0,0
distraught,1,0,1,1,0,0,0,0,0,0,0,0
distress,1,0,1,1,0,0,0,0,0,0,0,0
distrust,1,0,1,0,1,0,0,0,0,0,0,0
disturb,1,0,1,1,0,0,0,0,0,0,0,0
divin,1,1,0,0,0,0,0,0,0,0,0,0
divorc,0,0,0,0,0,0,1,0,0,0,0,0
dizz,0,0,0,0,0,0,0,0,0,1,0,0
dj,0,0,0,0,0,0,0,0,0,0,1,0
doa,0,0,0,0,0,0,0,0,0,0,0,1
doctor,0,0,0,0,0,0,0,0,0,1,0,0
domina,1,0,1,0,1,0,0,0,0,0,0,0
doom,1,0,1,0,0,1,0,0,0,0,0,0
dork,1,0,1,0,0,0,0,0,0,0,0,0
dosage,0,0,0,0,0,0,0,0,0,1,0,0
dose,0,0,0,0,0,0,0,0,0,1,0,0
dosing,0,0,0,0,0,0,0,0,0,1,0,0
doubt,1,0,1,1,0,0,0,0,0,0,0,0
dr,0,0,0,0,0,0,0,0,0,1,0,0
drama,0,0,0,0,0,0,0,0,0,0,1,0
dread,1,0,1,1,0,0,0,0,0,0,0,0
dream,0,0,0,0,0,0,0,0,0,0,1,0
drink,0,0,0,0,0,0,0,0,0,0,1,0
drown,0,0,0,0,0,0,0,0,0,0,0,1
drows,0,0,0,0,0,0,0,0,0,1,0,0
drs,0,0,0,0,0,0,0,0,0,1,0,0
drug,0,0,0,0,0,0,0,0,0,1,0,0
drum,0,0,0,0,0,0,0,0,0,0,1,0
drumm,0,0,0,0,0,0,0,0,0,0,1,0
drums,0,0,0,0,0,0,0,0,0,0,1,0
drunk,0,0,0,0,0,0,0,0,0,0,1,0
dull,1,0,1,0,0,1,0,0,0,0,0,0
dumb,1,0,1,0,1,0,0,0,0,0,0,0
dump,1,0,1,0,1,0,0,0,0,0,0,0
dvd,0,0,0,0,0,0,0,0,0,0,1,0
dwell,1,0,1,1,0,0,0,0,0,0,0,0
dx,0,0,0,0,0,0,0,0,0,1,0,0
dying,0,0,0,0,0,0,0,0,0,0,0,1
dynam,1,1,0,0,0,0,0,0,0,0,0,0
eager,1,1,0,0,0,0,0,0,0,0,0,0
ease,1,1,0,0,0,0,0,0,0,0,0,0
easie,1,1,0,0,0,0,0,0,0,0,0,0
easily,1,1,0,0,0,0,0,0,0,0,0,0
easiness,1,1,0,0,0,0,0,0,0,0,0,0
easing,1,1,0,0,0,0,0,0,0,0,0,0
easy,1,1,0,0,0,0,0,0,0,0,1,0
ecsta,1,1,0,0,0,0,0,0,0,0,0,0
efficien,1,1,0,0,0,0,0,0,0,0,0,0
egotis,1,0,1,0,0,0,0,0,0,0,0,0
elegan,1,1,0,0,0,0,0,0,0,0,0,0
email,0,0,0,0,0,0,1,0,0,0,0,0
email',0,0,0,0,0,0,1,0,0,0,0,0
emailed,0,0,0,0,0,0,1,0,0,0,0,0
emailer,0,0,0,0,0,0,1,0,0,0,0,0
emailing,0,0,0,0,0,0,1,0,0,0,0,0
emails,0,0,0,0,0,0,1,0,0,0,0,0
embalm,0,0,0,0,0,0,0,0,0,0,0,1
embarrass,1,0,1,1,0,0,0,0,0,0,0,0
emotion,1,0,0,0,0,0,0,0,0,0,0,0
emotional,1,0,1,1,0,0,0,0,0,0,0,0
emotions,1,0,0,0,0,0,0,0,0,0,0,0
emphysem,0,0,0,0,0,0,0,0,0,1,0,0
empt,1,0,1,0,0,1,0,0,0,0,0,0
encourag,1,1,0,0,0,0,1,0,0,0,0,0
enema,0,0,0,0,0,0,0,0,0,1,0,0
enemie,1,0,1,0,1,0,1,0,0,0,0,0
enemy,1,0,1,0,1,0,1,0,0,0,0,0
energ,1,1,0,0,0,0,0,0,0,0,0,0
engag,1,1,0,0,0,0,0,0,0,0,0,0
enjoy,1,1,0,0,0,0,0,0,0,0,0,0
enrag,1,0,1,0,1,0,0,0,0,0,0,0
entertain,1,1,0,0,0,0,0,0,0,0,1,0
enthus,1,1,0,0,0,0,0,0,0,0,0,0
envie,1,0,1,0,1,0,0,0,0,0,0,0
envious,1,0,1,0,1,0,0,0,0,0,0,0
envy,1,0,1,0,1,0,0,0,0,0,0,0
epidemic,0,0,0,0,0,0,0,0,0,0,0,1
estrogen,0,0,0,0,0,0,0,0,0,1,0,0
everybod,0,0,0,0,0,0,1,0,0,0,0,0
everyone,0,0,0,0,0,0,1,0,0,0,0,0
everything,0,0,0,0,0,0,1,0,0,0,0,0
evil,1,0,1,0,1,0,0,0,0,0,0,0
ex,0,0,0,0,0,0,1,1,0,0,0,0
exbf,0,0,0,0,0,0,1,0,1,0,0,0
exboyfriend,0,0,0,0,0,0,1,0,1,0,0,0
excel,1,1,0,0,0,0,0,0,0,0,0,0
excit,1,1,0,0,0,0,0,0,0,0,0,0
excruciat,1,0,1,0,0,0,0,0,0,0,0,0
excus,0,0,0,0,0,0,1,0,0,0,0,0
execution,0,0,0,0,0,0,0,0,0,0,0,1
exercis,0,0,0,0,0,0,0,0,0,1,1,0
exes,0,0,0,0,0,0,1,1,0,0,0,0
exgf,0,0,0,0,0,0,1,0,1,0,0,0
exgirl,0,0,0,0,0,0,1,0,1,0,0,0
exhaust,1,0,1,0,0,0,0,0,0,1,0,0
exhubby,0,0,0,0,0,0,1,1,0,0,0,0
exhusband,0,0,0,0,0,0,1,1,0,0,0,0
explain,0,0,0,0,0,0,1,0,0,0,0,0
explained,0,0,0,0,0,0,1,0,0,0,0,0
explaining,0,0,0,0,0,0,1,0,0,0,0,0
explains,0,0,0,0,0,0,1,0,0,0,0,0
express,0,0,0,0,0,0,1,0,0,0,0,0
exterminat,0,0,0,0,0,0,0,0,0,0,0,1
exwife,0,0,0,0,0,0,1,1,0,0,0,0
exwive,0,0,0,0,0,0,1,1,0,0,0,0
fab,1,1,0,0,0,0,0,0,0,0,0,0
fabulous,1,1,0,0,0,0,0,0,0,0,0,0
fail,1,0,1,0,0,1,0,0,0,0,0,0
faint,0,0,0,0,0,0,0,0,0,1,0,0
faith,1,1,0,0,0,0,0,0,0,0,0,0
fake,1,0,1,0,0,0,0,0,0,0,0,0
families,0,0,0,0,0,0,1,1,0,0,1,0
family,0,0,0,0,0,0,1,1,0,0,1,0
fantasi,0,0,0,0,0,0,0,0,0,0,1,0
fantastic,1,1,0,0,0,0,0,0,0,0,0,0
fantasy,0,0,0,0,0,0,0,0,0,0,1,0
farsighted,0,0,0,0,0,0,0,0,0,1,0,0
fat,0,0,0,0,0,0,0,0,0,1,0,0
fatal,1,0,1,0,0,0,0,0,0,0,0,1
father,0,0,0,0,0,0,1,1,0,0,0,0
fatigu,1,0,1,0,0,1,0,0,0,1,0,0
fats,0,0,0,0,0,0,0,0,0,1,0,0
fatt,0,0,0,0,0,0,0,0,0,1,0,0
fault,1,0,1,0,0,0,0,0,0,0,0,0
favor,1,1,0,0,0,0,0,0,0,0,0,0
favour,1,1,0,0,0,0,0,0,0,0,0,0
fear,1,0,1,1,0,0,0,0,0,0,0,0
feared,1,0,1,1,0,0,0,0,0,0,0,0
fearful,1,0,1,1,0,0,0,0,0,0,0,0
fearing,1,0,1,1,0,0,0,0,0,0,0,0
fearless,1,1,0,0,0,0,0,0,0,0,0,0
fears,1,0,1,1,0,0,0,0,0,0,0,0
fellow,0,0,0,0,0,0,1,0,1,0,0,0
female,0,0,0,0,0,0,1,0,0,0,0,0
feroc,1,0,1,0,1,0,0,0,0,0,0,0
festiv,1,1,0,0,0,0,0,0,0,0,0,0
feud,1,0,1,0,1,0,1,0,0,0,0,0
fever,0,0,0,0,0,0,0,0,0,1,0,0
fiance,0,0,0,0,0,0,1,0,1,0,0,0
fiery,1,0,1,0,1,0,0,0,0,0,0,0
fiesta,1,1,0,0,0,0,0,0,0,0,0,0
fight,1,0,1,0,1,0,1,0,0,0,0,0
film,0,0,0,0,0,0,0,0,0,0,1,0
fine,1,1,0,0,0,0,0,0,0,0,0,0
fired,1,0,1,0,0,0,0,0,0,0,0,0
fishing,0,0,0,0,0,0,0,0,0,0,1,0
fitness,0,0,0,0,0,0,0,0,0,0,1,0
flatscreen,0,0,0,0,0,0,0,0,0,0,1,0
flatter,1,1,0,0,0,0,1,0,0,0,0,0
flawless,1,1,0,0,0,0,0,0,0,0,0,0
flexib,1,1,0,0,0,0,0,0,0,0,0,0
flirt,1,1,0,0,0,0,0,0,0,0,0,0
flu,0,0,0,0,0,0,0,0,0,1,0,0
flunk,1,0,1,0,0,1,0,0,0,0,0,0
foe,1,0,1,0,1,0,0,0,0,0,0,0
folks,0,0,0,0,0,0,1,1,0,0,0,0
fond,1,1,0,0,0,0,0,0,0,0,0,0
fondly,1,1,0,0,0,0,0,0,0,0,0,0
fondness,1,1,0,0,0,0,0,0,0,0,0,0
fool,1,0,1,0,0,0,0,0,0,0,0,0
football,0,0,0,0,0,0,0,0,0,0,1,0
forbid,1,0,1,0,0,0,0,0,0,0,0,0
forgave,1,1,0,0,0,0,1,0,0,0,0,0
forgiv,1,1,0,0,0,0,1,0,0,0,0,0
fought,1,0,1,0,0,0,1,0,0,0,0,0
frantic,1,0,1,1,0,0,0,0,0,0,0,0
freak,1,0,1,0,0,0,0,0,0,0,0,0
free,1,1,0,0,0,0,0,0,0,0,0,0
freeb,1,1,0,0,0,0,0,0,0,0,0,0
freed,1,1,0,0,0,0,0,0,0,0,0,0
freeing,1,1,0,0,0,0,0,0,0,0,0,0
freely,1,1,0,0,0,0,0,0,0,0,0,0
freeness,1,1,0,0,0,0,0,0,0,0,0,0
freer,1,1,0,0,0,0,0,0,0,0,0,0
frees,1,1,0,0,0,0,0,0,0,0,0,0
friend,1,1,0,0,0,0,1,0,1,0,0,0
fright,1,0,1,1,0,0,0,0,0,0,0,0
frisbee,0,0,0,0,0,0,0,0,0,0,1,0
frustrat,1,0,1,0,1,0,0,0,0,0,0,0
fuck,1,0,1,0,1,0,0,0,0,0,0,0
fucked,1,0,1,0,1,0,0,0,0,0,0,0
fucker,1,0,1,0,1,0,0,0,0,0,0,0
fuckin,1,0,1,0,1,0,0,0,0,0,0,0
fucks,1,0,1,0,1,0,0,0,0,0,0,0
fume,1,0,1,0,1,0,0,0,0,0,0,0
fuming,1,0,1,0,1,0,0,0,0,0,0,0
fun,1,1,0,0,0,0,0,0,0,0,0,0
funer,0,0,0,0,0,0,0,0,0,0,0,1
funn,1,1,0,0,0,0,0,0,0,0,0,0
furious,1,0,1,0,1,0,0,0,0,0,0,0
fury,1,0,1,0,1,0,0,0,0,0,0,0
game,0,0,0,0,0,0,1,0,0,0,1,0
gaming,0,0,0,0,0,0,0,0,0,0,1,0
garage,0,0,0,0,0,0,0,0,0,0,1,0
garden,0,0,0,0,0,0,0,0,0,0,1,0
gather,0,0,0,0,0,0,1,0,0,0,0,0
gave,0,0,0,0,0,0,1,0,0,0,0,0
geek,1,0,1,0,0,0,0,0,0,0,0,0
genero,1,1,0,0,0,0,0,0,0,0,0,0
genocid,0,0,0,0,0,0,0,0,0,0,0,1
gentle,1,1,0,0,0,0,0,0,0,0,0,0
gentlem,0,0,0,0,0,0,1,0,0,0,0,0
gentler,1,1,0,0,0,0,0,0,0,0,0,0
gentlest,1,1,0,0,0,0,0,0,0,0,0,0
gently,1,1,0,0,0,0,0,0,0,0,0,0
gf,0,0,0,0,0,0,1,0,1,0,0,0
ghost,0,0,0,0,0,0,0,0,0,0,0,1
giggl,1,1,0,0,0,0,0,0,0,0,0,0
girl,0,0,0,0,0,0,1,0,0,0,0,0
girl's,0,0,0,0,0,0,1,0,0,0,0,0
girlfriend,0,0,0,0,0,0,1,0,1,0,0,0
girls,0,0,0,0,0,0,1,0,0,0,0,0
give,0,0,0,0,0,0,1,0,0,0,0,0
giver,1,1,0,0,0,0,1,0,0,0,0,0
gives,0,0,0,0,0,0,1,0,0,0,0,0
giving,1,1,0,0,0,0,1,0,0,0,0,0
glad,1,1,0,0,0,0,0,0,0,0,0,0
gladly,1,1,0,0,0,0,0,0,0,0,0,0
glamor,1,1,0,0,0,0,0,0,0,0,0,0
glamour,1,1,0,0,0,0,0,0,0,0,0,0
gland,0,0,0,0,0,0,0,0,0,1,0,0
glaucoma,0,0,0,0,0,0,0,0,0,1,0,0
gloom,1,0,1,0,0,1,0,0,0,0,0,0
glori,1,1,0,0,0,0,0,0,0,0,0,0
glory,1,1,0,0,0,0,0,0,0,0,0,0
goddam,1,0,1,0,1,0,0,0,0,0,0,0
golf,0,0,0,0,0,0,0,0,0,0,1,0
good,1,1,0,0,0,0,0,0,0,0,0,0
goodness,1,1,0,0,0,0,0,0,0,0,0,0
gorgeous,1,1,0,0,0,0,0,0,0,0,0,0
gossip,1,0,1,0,0,0,1,0,0,0,0,0
grace,1,1,0,0,0,0,0,0,0,0,0,0
graced,1,1,0,0,0,0,0,0,0,0,0,0
graceful,1,1,0,0,0,0,0,0,0,0,0,0
graces,1,1,0,0,0,0,0,0,0,0,0,0
graci,1,1,0,0,0,0,0,0,0,0,0,0
grand,1,1,0,0,0,0,0,0,0,0,0,0
grandchil,0,0,0,0,0,0,1,1,0,0,0,0
granddad,0,0,0,0,0,0,1,1,0,0,0,0
granddau,0,0,0,0,0,0,1,1,0,0,0,0
grande,1,1,0,0,0,0,0,0,0,0,0,0
grandf,0,0,0,0,0,0,1,1,0,0,0,0
grandkid,0,0,0,0,0,0,1,1,0,0,0,0
grandm,0,0,0,0,0,0,1,1,0,0,0,0
grandpa,0,0,0,0,0,0,1,1,0,0,0,0
grandson,0,0,0,0,0,0,1,1,0,0,0,0
granny,0,0,0,0,0,0,1,1,0,0,0,0
gratef,1,1,0,0,0,0,0,0,0,0,0,0
grati,1,1,0,0,0,0,0,0,0,0,0,0
grave,1,0,1,0,0,1,0,0,0,0,0,1
great,1,1,0,0,0,0,0,0,0,0,0,0
greed,1,0,1,0,1,0,0,0,0,0,0,0
grief,1,0,1,0,0,1,0,0,0,0,0,1
griev,1,0,1,0,0,1,0,0,0,0,0,1
grim,1,0,1,0,0,1,0,0,0,0,0,0
grin,1,1,0,0,0,0,0,0,0,0,0,0
grinn,1,1,0,0,0,0,0,0,0,0,0,0
grins,1,1,0,0,0,0,0,0,0,0,0,0
gross,1,0,1,0,0,0,0,0,0,0,0,0
grouch,1,0,1,0,1,0,0,0,0,0,0,0
group,0,0,0,0,0,0,1,0,0,0,0,0
grownup,0,0,0,0,0,0,1,0,0,0,0,0
grr,1,0,1,0,1,0,0,0,0,0,0,0
grudge,0,0,0,0,0,0,1,0,0,0,0,0
guest,0,0,0,0,0,0,1,0,1,0,0,0
guilt,1,0,1,1,0,0,0,0,0,0,0,0
guitar,0,0,0,0,0,0,0,0,0,0,1,0
guy,0,0,0,0,0,0,1,0,0,0,0,0
gym,0,0,0,0,0,0,0,0,0,0,1,0
gynaecolog,0,0,0,0,0,0,0,0,0,1,0,0
gynecolog,0,0,0,0,0,0,0,0,0,1,0,0
gyno,0,0,0,0,0,0,0,0,0,1,0,0
ha,1,1,0,0,0,0,0,0,0,0,0,0
haha,1,1,0,0,0,0,0,0,0,0,0,0
hallucinat,0,0,0,0,0,0,0,0,0,1,0,0
handsom,1,1,0,0,0,0,0,0,0,0,0,0
hangin,0,0,0,0,0,0,0,0,0,0,1,0
hangout,0,0,0,0,0,0,0,0,0,0,1,0
hangover,0,0,0,0,0,0,0,0,0,1,0,0
happi,1,1,0,0,0,0,0,0,0,0,0,0
happy,1,1,0,0,0,0,0,0,0,0,0,0
harass,1,0,1,0,1,0,0,0,0,0,0,0
harm,1,0,1,0,0,0,0,0,0,0,0,0
harmed,1,0,1,0,0,0,0,0,0,0,0,0
harmful,1,0,1,0,0,0,0,0,0,0,0,0
harming,1,0,1,0,0,0,0,0,0,0,0,0
harmless,1,1,0,0,0,0,0,0,0,0,0,0
harmon,1,1,0,0,0,0,0,0,0,0,0,0
harms,1,0,1,0,0,0,0,0,0,0,0,0
hate,1,0,1,0,1,0,0,0,0,0,0,0
hated,1,0,1,0,1,0,0,0,0,0,0,0
hateful,1,0,1,0,1,0,0,0,0,0,0,0
hater,1,0,1,0,1,0,0,0,0,0,0,0
hates,1,0,1,0,1,0,0,0,0,0,0,0
hating,1,0,1,0,1,0,0,0,0,0,0,0
hatred,1,0,1,0,1,0,0,0,0,0,0,0
hazy,1,0,0,0,0,0,0,0,0,0,0,0
he,0,0,0,0,0,0,1,0,0,0,0,0
he'll,0,0,0,0,0,0,1,0,0,0,0,0
headache,0,0,0,0,0,0,0,0,0,1,0,0
heal,0,0,0,0,0,0,0,0,0,1,0,0
healed,0,0,0,0,0,0,0,0,0,1,0,0
healer,0,0,0,0,0,0,0,0,0,1,0,0
healing,0,0,0,0,0,0,0,0,0,1,0,0
heals,0,0,0,0,0,0,0,0,0,1,0,0
health,0,0,0,0,0,0,0,0,0,1,0,0
hear,0,0,0,0,0,0,1,0,0,0,0,0
heard,0,0,0,0,0,0,1,0,0,0,0,0
hearing,0,0,0,0,0,0,1,0,0,0,0,0
hears,0,0,0,0,0,0,1,0,0,0,0,0
hearse,0,0,0,0,0,0,0,0,0,0,0,1
heartbreak,1,0,1,0,0,1,0,0,0,0,0,0
heartbroke,1,0,1,0,0,1,0,0,0,0,0,0
heartburn,0,0,0,0,0,0,0,0,0,1,0,0
heartfelt,1,1,0,0,0,0,0,0,0,0,0,0
heartless,1,0,1,0,1,0,0,0,0,0,0,0
heartwarm,1,1,0,0,0,0,0,0,0,0,0,0
heaven,1,1,0,0,0,0,0,0,0,0,0,0
heh,1,1,0,0,0,0,0,0,0,0,0,0
hell,1,0,1,0,1,0,0,0,0,0,0,0
hellish,1,0,1,0,1,0,0,0,0,0,0,0
hello,0,0,0,0,0,0,1,0,0,0,0,0
help,0,0,0,0,0,0,1,0,0,0,0,0
helper,1,1,0,0,0,0,1,0,0,0,0,0
helpful,1,1,0,0,0,0,1,0,0,0,0,0
helping,1,1,0,0,0,0,1,0,0,0,0,0
helpless,1,0,1,0,0,1,0,0,0,0,0,0
helps,1,1,0,0,0,0,1,0,0,0,0,0
hemor,0,0,0,0,0,0,0,0,0,1,0,0
her,0,0,0,0,0,0,1,0,0,0,0,0
hero,1,1,0,0,0,0,0,0,0,0,0,0
herpes,0,0,0,0,0,0,0,0,0,1,0,0
hers,0,0,0,0,0,0,1,0,0,0,0,0
herself,0,0,0,0,0,0,1,0,0,0,0,0
hesita,1,0,1,1,0,0,0,0,0,0,0,0
hey,0,0,0,0,0,0,1,0,0,0,0,0
hi,0,0,0,0,0,0,1,0,0,0,0,0
hiccup,0,0,0,0,0,0,0,0,0,1,0,0
hik,0,0,0,0,0,0,0,0,0,0,1,0
hilarious,1,1,0,0,0,0,0,0,0,0,0,0
him,0,0,0,0,0,0,1,0,0,0,0,0
himself,0,0,0,0,0,0,1,0,0,0,0,0
hiphop,0,0,0,0,0,0,0,0,0,0,1,0
his,0,0,0,0,0,0,1,0,0,0,0,0
hit,1,0,1,0,1,0,0,0,0,0,0,0
hiv,0,0,0,0,0,0,0,0,0,1,0,0
hobb,0,0,0,0,0,0,0,0,0,0,1,0
hockey,0,0,0,0,0,0,0,0,0,0,1,0
hoho,1,1,0,0,0,0,0,0,0,0,0,0
holiday,0,0,0,0,0,0,0,0,0,0,1,0
holocaust,0,0,0,0,0,0,0,0,0,0,0,1
homesick,1,0,1,0,0,1,0,0,0,0,0,0
homocid,0,0,0,0,0,0,0,0,0,0,0,1
honest,1,1,0,0,0,0,0,0,0,0,0,0
honey,0,0,0,0,0,0,1,0,1,0,0,0
honor,1,1,0,0,0,0,0,0,0,0,0,0
honour,1,1,0,0,0,0,0,0,0,0,0,0
hope,1,1,0,0,0,0,0,0,0,0,0,0
hoped,1,1,0,0,0,0,0,0,0,0,0,0
hopeful,1,1,0,0,0,0,0,0,0,0,0,0
hopefully,1,1,0,0,0,0,0,0,0,0,0,0
hopefulness,1,1,0,0,0,0,0,0,0,0,0,0
hopeless,1,0,1,0,0,1,0,0,0,0,0,0
hopes,1,1,0,0,0,0,0,0,0,0,0,0
hoping,1,1,0,0,0,0,0,0,0,0,0,0
hormone,0,0,0,0,0,0,0,0,0,1,0,0
horr,1,0,1,1,0,0,0,0,0,0,0,0
horseback,0,0,0,0,0,0,0,0,0,0,1,0
hospital,0,0,0,0,0,0,0,0,0,1,0,0
hostil,1,0,1,0,1,0,0,0,0,0,0,0
hotel,0,0,0,0,0,0,0,0,0,0,1,0
hubby,0,0,0,0,0,0,1,1,0,0,0,0
hug,1,1,0,0,0,0,0,0,0,0,0,0
hugg,1,1,0,0,0,0,0,0,0,0,0,0
hugs,1,1,0,0,0,0,0,0,0,0,0,0
human,0,0,0,0,0,0,1,0,0,0,0,0
humiliat,1,0,1,1,1,0,0,0,0,0,0,0
humor,1,1,0,0,0,0,0,0,0,0,0,0
humour,1,1,0,0,0,0,0,0,0,0,0,0
hungover,0,0,0,0,0,0,0,0,0,1,0,0
hunting,0,0,0,0,0,0,0,0,0,0,1,0
hurra,1,1,0,0,0,0,0,0,0,0,0,0
hurt,1,0,1,0,0,1,0,0,0,0,0,0
husband,0,0,0,0,0,0,1,1,0,0,0,0
hyperten,0,0,0,0,0,0,0,0,0,1,0,0
hypotherm,0,0,0,0,0,0,0,0,0,1,0,0
ibuprofen,0,0,0,0,0,0,0,0,0,1,0,0
icu,0,0,0,0,0,0,0,0,0,1,0,0
ideal,1,1,0,0,0,0,0,0,0,0,0,0
idiot,1,0,1,0,1,0,0,0,0,0,0,0
ignor,1,0,1,0,0,0,0,0,0,0,0,0
ill,0,0,0,0,0,0,0,0,0,1,0,0
illness,0,0,0,0,0,0,0,0,0,1,0,0
immoral,1,0,1,0,0,0,0,0,0,0,0,0
immortal,0,0,0,0,0,0,0,0,0,0,0,1
immun,0,0,0,0,0,0,0,0,0,1,0,0
impatien,1,0,1,1,0,0,0,0,0,0,0,0
impersonal,1,0,1,0,0,0,0,0,0,0,0,0
impolite,1,0,1,0,0,0,0,0,0,0,0,0
importan,1,1,0,0,0,0,0,0,0,0,0,0
impress,1,1,0,0,0,0,0,0,0,0,0,0
improve,1,1,0,0,0,0,0,0,0,0,0,0
improving,1,1,0,0,0,0,0,0,0,0,0,0
inadequa,1,0,1,1,0,1,0,0,0,0,0,0
incentive,1,1,0,0,0,0,0,0,0,0,0,0
indecis,1,0,1,1,0,0,0,0,0,0,0,0
indigestion,0,0,0,0,0,0,0,0,0,1,0,0
individual,0,0,0,0,0,0,1,0,0,0,0,0
ineffect,1,0,1,0,0,0,0,0,0,0,0,0
infant,0,0,0,0,0,0,1,0,0,0,0,0
infant's,0,0,0,0,0,0,1,0,0,0,0,0
infants,0,0,0,0,0,0,1,0,0,0,0,0
infect,0,0,0,0,0,0,0,0,0,1,0,0
inferior,1,0,1,0,0,1,0,0,0,0,0,0
inflam,0,0,0,0,0,0,0,0,0,1,0,0
inform,0,0,0,0,0,0,1,0,0,0,0,0
informs,0,0,0,0,0,0,1,0,0,0,0,0
ingest,0,0,0,0,0,0,0,0,0,1,0,0
inhib,1,0,1,1,0,0,0,0,0,0,0,0
injur,0,0,0,0,0,0,0,0,0,1,0,0
inn,0,0,0,0,0,0,0,0,0,0,1,0
innocen,1,1,0,0,0,0,0,0,0,0,0,0
inns,0,0,0,0,0,0,0,0,0,0,1,0
insecur,1,0,1,1,0,0,0,0,0,0,0,0
insincer,1,0,1,0,0,0,0,0,0,0,0,0
insomnia,0,0,0,0,0,0,0,0,0,1,0,0
inspir,1,1,0,0,0,0,0,0,0,0,0,0
insulin,0,0,0,0,0,0,0,0,0,1,0,0
insult,1,0,1,0,1,0,1,0,0,0,0,0
intell,1,1,0,0,0,0,0,0,0,0,0,0
interact,0,0,0,0,0,0,1,0,0,0,0,0
interest,1,1,0,0,0,0,0,0,0,0,0,0
interrup,1,0,1,0,1,0,1,0,0,0,0,0
interview,0,0,0,0,0,0,1,0,0,0,0,0
intimidat,1,0,1,0,1,0,0,0,0,0,0,0
intox,0,0,0,0,0,0,0,0,0,1,0,0
intramural,0,0,0,0,0,0,0,0,0,0,1,0
invigor,1,1,0,0,0,0,0,0,0,0,0,0
involv,0,0,0,0,0,0,1,0,0,0,0,0
ipod,0,0,0,0,0,0,0,0,0,0,1,0
irrational,1,0,1,1,0,0,0,0,0,0,0,0
irrita,1,0,1,1,0,0,0,0,0,0,0,0
isolat,1,0,1,0,0,1,0,0,0,0,0,0
itch,0,0,0,0,0,0,0,0,0,1,0,0
iv,0,0,0,0,0,0,0,0,0,1,0,0
jaded,1,0,1,0,0,0,0,0,0,0,0,0
jazz,0,0,0,0,0,0,0,0,0,0,1,0
jealous,1,0,1,0,1,0,0,0,0,0,0,0
jerk,1,0,1,0,1,0,0,0,0,0,0,0
jerked,1,0,1,0,1,0,0,0,0,0,0,0
jerks,1,0,1,0,1,0,0,0,0,0,0,0
jog,0,0,0,0,0,0,0,0,0,0,1,0
joke,1,1,0,0,0,0,0,0,0,0,1,0
joking,1,1,0,0,0,0,0,0,0,0,1,0
joll,1,1,0,0,0,0,0,0,0,0,0,0
joy,1,1,0,0,0,0,0,0,0,0,0,0
karaoke,0,0,0,0,0,0,0,0,0,0,1,0
keen,1,1,0,0,0,0,0,0,0,0,0,0
keg,0,0,0,0,0,0,0,0,0,0,1,0
kegger,0,0,0,0,0,0,0,0,0,0,1,0
keggers,0,0,0,0,0,0,0,0,0,0,1,0
kegs,0,0,0,0,0,0,0,0,0,0,1,0
kid,0,0,0,0,0,0,1,0,0,0,0,0
kid',0,0,0,0,0,0,1,0,0,0,0,0
kidding,1,1,0,0,0,0,1,0,0,0,0,0
kids,0,0,0,0,0,0,1,0,0,0,0,0
kill,1,0,1,0,1,0,0,0,0,0,0,1
kin,0,0,0,0,0,0,1,1,0,0,0,0
kindly,1,1,0,0,0,0,0,0,0,0,0,0
kindn,1,1,0,0,0,0,0,0,0,0,0,0
kiss,1,1,0,0,0,0,0,0,0,0,0,0
ladies,0,0,0,0,0,0,1,0,0,0,0,0
lady,0,0,0,0,0,0,1,0,0,0,0,0
lady's,0,0,0,0,0,0,1,0,0,0,0,0
laidback,1,1,0,0,0,0,0,0,0,0,1,0
lame,1,0,1,0,0,1,0,0,0,0,0,0
language,0,0,0,0,0,0,1,0,0,0,0,0
laugh,1,1,0,0,0,0,0,0,0,0,0,0
lazie,1,0,1,0,0,0,0,0,0,0,0,0
lazy,1,0,1,0,0,0,0,0,0,0,0,0
lethal,0,0,0,0,0,0,0,0,0,0,0,1
letter,0,0,0,0,0,0,1,0,0,0,0,0
leuke,0,0,0,0,0,0,0,0,0,1,0,0
liabilit,1,0,1,0,0,0,0,0,0,0,0,0
liar,1,0,1,0,1,0,0,0,0,0,0,0
libert,1,1,0,0,0,0,0,0,0,0,0,0
lied,1,0,1,0,1,0,0,0,0,0,0,0
lies,1,0,1,0,1,0,0,0,0,0,0,0
life,0,0,0,0,0,0,0,0,0,1,0,0
likeab,1,1,0,0,0,0,0,0,0,0,0,0
liked,1,1,0,0,0,0,0,0,0,0,0,0
likes,1,1,0,0,0,0,0,0,0,0,0,0
liking,1,1,0,0,0,0,0,0,0,0,0,0
liquor,0,0,0,0,0,0,0,0,0,0,1,0
listen,0,0,0,0,0,0,1,0,0,0,0,0
listened,0,0,0,0,0,0,1,0,0,0,0,0
listener,0,0,0,0,0,0,1,0,0,0,0,0
listening,0,0,0,0,0,0,1,0,0,0,0,0
listens,0,0,0,0,0,0,1,0,0,0,0,0
livel,1,1,0,0,0,0,0,0,0,0,0,0
living,0,0,0,0,0,0,0,0,0,1,0,0
lmao,1,1,0,0,0,0,0,0,0,0,0,0
lol,1,1,0,0,0,0,0,0,0,0,0,0
lone,1,0,1,0,0,1,0,0,0,0,0,0
longing,1,0,1,0,0,1,0,0,0,0,0,0
lose,1,0,1,0,0,1,0,0,0,0,0,0
loser,1,0,1,0,0,1,0,0,0,0,0,0
loses,1,0,1,0,0,1,0,0,0,0,0,0
losing,1,0,1,0,0,1,0,0,0,0,0,0
loss,1,0,1,0,0,1,0,0,0,0,0,0
lost,1,0,1,0,0,1,0,0,0,0,0,0
lous,1,0,1,0,1,0,0,0,0,0,0,0
love,1,1,0,0,0,0,0,0,0,0,0,0
loved,1,1,0,0,0,0,1,0,0,0,0,0
lovely,1,1,0,0,0,0,0,0,0,0,0,0
lover,1,1,0,0,0,0,1,0,1,0,0,0
loves,1,1,0,0,0,0,1,0,0,0,0,0
loving,1,1,0,0,0,0,1,0,0,0,0,0
low,1,0,1,0,0,1,0,0,0,0,0,0
loyal,1,1,0,0,0,0,0,0,0,0,0,0
lozenge,0,0,0,0,0,0,0,0,0,1,0,0
luck,1,1,0,0,0,0,0,0,0,0,0,0
lucked,1,1,0,0,0,0,0,0,0,0,0,0
lucki,1,1,0,0,0,0,0,0,0,0,0,0
luckless,1,0,1,0,0,0,0,0,0,0,0,0
lucks,1,1,0,0,0,0,0,0,0,0,0,0
lucky,1,1,0,0,0,0,0,0,0,0,0,0
ludicrous,1,0,1,0,1,0,0,0,0,0,0,0
lump,0,0,0,0,0,0,0,0,0,1,0,0
lying,1,0,1,0,1,0,0,0,0,0,0,0
lymph,0,0,0,0,0,0,0,0,0,1,0,0
lynch,0,0,0,0,0,0,0,0,0,0,0,1
ma,0,0,0,0,0,0,1,1,0,0,0,0
ma'am,0,0,0,0,0,0,1,0,0,0,0,0
ma's,0,0,0,0,0,0,1,1,0,0,0,0
mad,1,0,1,0,1,0,0,0,0,0,0,0
maddening,1,0,1,0,1,0,0,0,0,0,0,0
madder,1,0,1,0,1,0,0,0,0,0,0,0
maddest,1,0,1,0,1,0,0,0,0,0,0,0
madly,1,1,0,0,0,0,0,0,0,0,0,0
magazine,0,0,0,0,0,0,0,0,0,0,1,0
magnific,1,1,0,0,0,0,0,0,0,0,0,0
mail,0,0,0,0,0,0,1,0,0,0,0,0
mailed,0,0,0,0,0,0,1,0,0,0,0,0
mailer,0,0,0,0,0,0,1,0,0,0,0,0
mailing,0,0,0,0,0,0,1,0,0,0,0,0
mails,0,0,0,0,0,0,1,0,0,0,0,0
male,0,0,0,0,0,0,1,0,0,0,0,0
male's,0,0,0,0,0,0,1,0,0,0,0,0
males,0,0,0,0,0,0,1,0,0,0,0,0
mall,0,0,0,0,0,0,0,0,0,0,1,0
malls,0,0,0,0,0,0,0,0,0,0,1,0
mam,0,0,0,0,0,0,1,0,0,0,0,0
mammogram,0,0,0,0,0,0,0,0,0,1,0,0
man,0,0,0,0,0,0,1,0,0,0,0,0
man's,0,0,0,0,0,0,1,0,0,0,0,0
maniac,1,0,1,0,1,0,0,0,0,0,0,0
manicdep,0,0,0,0,0,0,0,0,0,1,0,0
manslaughter,0,0,0,0,0,0,0,0,0,0,0,1
marathon,0,0,0,0,0,0,0,0,0,0,1,0
margarita,0,0,0,0,0,0,0,0,0,0,1,0
marriag,0,0,0,0,0,0,1,0,0,0,0,0
marrie,0,0,0,0,0,0,1,1,0,0,0,0
martini,0,0,0,0,0,0,0,0,0,0,1,0
masochis,1,0,1,0,0,0,0,0,0,0,0,0
massacre,0,0,0,0,0,0,0,0,0,0,0,1
mate,0,0,0,0,0,0,1,0,1,0,0,0
mate's,0,0,0,0,0,0,1,0,1,0,0,0
mates,0,0,0,0,0,0,1,0,1,0,0,0
mating,0,0,0,0,0,0,1,0,0,0,0,0
mausoleum,0,0,0,0,0,0,0,0,0,0,0,1
medic,0,0,0,0,0,0,0,0,0,1,0,0
meditat,0,0,0,0,0,0,0,0,0,0,1,0
meet,0,0,0,0,0,0,1,0,0,0,0,0
meeting,0,0,0,0,0,0,1,0,0,0,0,0
meets,0,0,0,0,0,0,1,0,0,0,0,0
melanchol,1,0,1,0,0,1,0,0,0,0,0,0
members,0,0,0,0,0,0,1,0,0,0,0,0
men,0,0,0,0,0,0,1,0,0,0,0,0
men',0,0,0,0,0,0,1,0,0,0,0,0
mention,0,0,0,0,0,0,1,0,0,0,0,0
merit,1,1,0,0,0,0,0,0,0,0,0,0
merr,1,1,0,0,0,0,0,0,0,0,0,0
mess,1,0,1,0,0,0,0,0,0,0,0,0
messag,0,0,0,0,0,0,1,0,0,0,0,0
messy,1,0,1,0,0,0,0,0,0,0,0,0
met,0,0,0,0,0,0,1,0,0,0,0,0
migrain,0,0,0,0,0,0,0,0,0,1,0,0
minesweeper,0,0,0,0,0,0,0,0,0,0,1,0
miscar,0,0,0,0,0,0,0,0,0,1,0,0
miser,1,0,1,1,0,1,0,0,0,0,0,0
miss,1,0,1,0,0,1,0,0,0,0,0,0
missed,1,0,1,0,0,1,0,0,0,0,0,0
misses,1,0,1,0,0,1,0,0,0,0,0,0
missing,1,0,1,0,0,1,0,0,0,0,0,0
mistak,1,0,1,0,0,0,0,0,0,0,0,0
mob,0,0,0,0,0,0,1,0,0,0,0,0
mobb,0,0,0,0,0,0,1,0,0,0,0,0
mobs,0,0,0,0,0,0,1,0,0,0,0,0
mock,1,0,1,0,1,0,0,0,0,0,0,0
mocked,1,0,1,0,1,0,0,0,0,0,0,0
mocker,1,0,1,0,1,0,0,0,0,0,0,0
mocking,1,0,1,0,1,0,0,0,0,0,0,0
mocks,1,0,1,0,1,0,0,0,0,0,0,0
molest,1,0,1,0,1,0,0,0,0,0,0,0
mom,0,0,0,0,0,0,1,1,0,0,0,0
mom's,0,0,0,0,0,0,1,1,0,0,0,0
momma,0,0,0,0,0,0,1,1,0,0,0,0
mommy,0,0,0,0,0,0,1,1,0,0,0,0
moms,0,0,0,0,0,0,1,1,0,0,0,0
mono,0,0,0,0,0,0,0,0,0,1,0,0
mooch,1,0,1,0,0,0,0,0,0,0,0,0
mood,1,0,0,0,0,0,0,0,0,0,0,0
moodi,1,0,1,0,0,0,0,0,0,0,0,0
moods,1,0,0,0,0,0,0,0,0,0,0,0
moody,1,0,1,0,0,0,0,0,0,0,0,0
morgue,0,0,0,0,0,0,0,0,0,0,0,1
moron,1,0,1,0,1,0,0,0,0,0,0,0
mortal,0,0,0,0,0,0,0,0,0,0,0,1
mortician,0,0,0,0,0,0,0,0,0,0,0,1
motel,0,0,0,0,0,0,0,0,0,0,1,0
mother,0,0,0,0,0,0,1,1,0,0,0,0
motherly,0,0,0,0,0,0,1,0,0,0,0,0
mothers,0,0,0,0,0,0,1,1,0,0,0,0
mourn,1,0,1,0,0,1,0,0,0,0,0,1
movie,0,0,0,0,0,0,0,0,0,0,1,0
mr,0,0,0,0,0,0,1,0,0,0,0,0
mri,0,0,0,0,0,0,0,0,0,1,0,0
mrs,0,0,0,0,0,0,1,0,0,0,0,0
mtv,0,0,0,0,0,0,0,0,0,0,1,0
mum,0,0,0,0,0,0,1,1,0,0,0,0
mum's,0,0,0,0,0,0,1,1,0,0,0,0
mummy,0,0,0,0,0,0,1,1,0,0,0,0
mums,0,0,0,0,0,0,1,1,0,0,0,0
murder,1,0,1,0,1,0,0,0,0,0,0,1
museum,0,0,0,0,0,0,0,0,0,0,1,0
musi,0,0,0,0,0,0,0,0,0,0,1,0
myopi,0,0,0,0,0,0,0,0,0,1,0,0
nag,1,0,1,0,1,0,0,0,0,0,0,0
name,0,0,0,0,0,0,1,0,0,0,0,0
nap,0,0,0,0,0,0,0,0,0,0,1,0
naps,0,0,0,0,0,0,0,0,0,0,1,0
nast,1,0,1,0,1,0,0,0,0,0,0,0
nause,0,0,0,0,0,0,0,0,0,1,0,0
nearsighted,0,0,0,0,0,0,0,0,0,1,0,0
neat,1,1,0,0,0,0,0,0,0,0,0,0
needy,1,0,1,0,0,0,0,0,0,0,0,0
neglect,1,0,1,0,0,1,0,0,0,0,0,0
negotiat,0,0,0,0,0,0,1,0,0,0,0,0
neighbor,0,0,0,0,0,0,1,0,1,0,0,0
neighbour,0,0,0,0,0,0,1,0,1,0,0,0
nephew,0,0,0,0,0,0,1,1,0,0,0,0
nerd,1,0,1,0,0,0,0,0,0,0,0,0
nervous,1,0,1,1,0,0,0,0,0,0,0,0
netflix,0,0,0,0,0,0,0,0,0,0,1,0
neurolog,0,0,0,0,0,0,0,0,0,1,0,0
neurotic,1,0,1,1,0,0,0,0,0,0,0,0
newborn,0,0,0,0,0,0,1,0,0,0,0,0
nice,1,1,0,0,0,0,0,0,0,0,0,0
niece,0,0,0,0,0,0,1,1,0,0,0,0
nintendo,0,0,0,0,0,0,0,0,0,0,1,0
novel,0,0,0,0,0,0,0,0,0,0,1,0
novels,0,0,0,0,0,0,0,0,0,0,1,0
numb,1,0,1,0,0,0,0,0,0,1,0,0
nurse,0,0,0,0,0,0,0,0,0,1,0,0
nurtur,1,1,0,0,0,0,0,0,0,0,0,0
nutrition,0,0,0,0,0,0,0,0,0,1,0,0
obes,0,0,0,0,0,0,0,0,0,1,0,0
obit,0,0,0,0,0,0,0,0,0,0,0,1
obnoxious,1,0,1,0,1,0,0,0,0,0,0,0
obsess,1,0,1,1,0,0,0,0,0,0,0,0
ocd,0,0,0,0,0,0,0,0,0,1,0,0
od,0,0,0,0,0,0,0,0,0,0,0,1
oded,0,0,0,0,0,0,0,0,0,0,0,1
offence,1,0,1,0,1,0,0,0,0,0,0,0
offend,1,0,1,0,1,0,0,0,0,0,0,0
offens,1,0,1,0,1,0,0,0,0,0,0,0
offer,0,0,0,0,0,0,1,0,0,0,0,0
ok,1,1,0,0,0,0,0,0,0,0,0,0
okay,1,1,0,0,0,0,0,0,0,0,0,0
okays,1,1,0,0,0,0,0,0,0,0,0,0
oks,1,1,0,0,0,0,0,0,0,0,0,0
openminded,1,1,0,0,0,0,0,0,0,0,0,0
openness,1,1,0,0,0,0,0,0,0,0,0,0
opera,0,0,0,0,0,0,0,0,0,0,1,0
opport,1,1,0,0,0,0,0,0,0,0,0,0
optimal,1,1,0,0,0,0,0,0,0,0,0,0
optimi,1,1,0,0,0,0,0,0,0,0,0,0
optometr,0,0,0,0,0,0,0,0,0,1,0,0
orchestra,0,0,0,0,0,0,0,0,0,0,1,0
organiz,0,0,0,0,0,0,1,0,0,0,0,0
original,1,1,0,0,0,0,0,0,0,0,0,0
orthodon,0,0,0,0,0,0,0,0,0,1,0,0
orthoped,0,0,0,0,0,0,0,0,0,1,0,0
our,0,0,0,0,0,0,1,0,0,0,0,0
ours,0,0,0,0,0,0,1,0,0,0,0,0
ourselves,0,0,0,0,0,0,1,0,0,0,0,0
outgoing,1,1,0,0,0,0,0,0,0,0,0,0
outrag,1,0,1,0,1,0,0,0,0,0,0,0
outsider,0,0,0,0,0,0,1,0,0,0,0,0
overdosed,0,0,0,0,0,0,0,0,0,0,0,1
overhear,0,0,0,0,0,0,1,0,0,0,0,0
overweight,0,0,0,0,0,0,0,0,0,1,0,0
overwhelm,1,0,1,1,0,1,0,0,0,0,0,0
owner,0,0,0,0,0,0,1,0,0,0,0,0
pa,0,0,0,0,0,0,1,1,0,0,0,0
pa's,0,0,0,0,0,0,1,1,0,0,0,0
pain,1,0,1,0,0,0,0,0,0,1,0,0
pained,1,0,1,0,0,0,0,0,0,1,0,0
painf,1,0,1,0,0,0,0,0,0,1,0,0
paining,1,0,1,0,0,0,0,0,0,1,0,0
painl,1,1,0,0,0,0,0,0,0,1,0,0
pains,1,0,1,0,0,0,0,0,0,1,0,0
pal,0,0,0,0,0,0,1,0,1,0,0,0
palatabl,1,1,0,0,0,0,0,0,0,0,0,0
pallbearer,0,0,0,0,0,0,0,0,0,0,0,1
pals,0,0,0,0,0,0,1,0,1,0,0,0
panic,1,0,1,1,0,0,0,0,0,0,0,0
pap,0,0,0,0,0,0,0,0,0,1,0,0
pappy,0,0,0,0,0,0,1,1,0,0,0,0
paradise,1,1,0,0,0,0,0,0,0,0,0,0
paraly,0,0,0,0,0,0,0,0,0,1,0,0
paranoi,1,0,1,0,1,0,0,0,0,0,0,0
parent,0,0,0,0,0,0,1,1,0,0,0,0
parks,0,0,0,0,0,0,0,0,0,0,1,0
participant,0,0,0,0,0,0,1,0,0,0,0,0
participat,0,0,0,0,0,0,1,0,0,0,0,0
partie,1,1,0,0,0,0,1,0,0,0,1,0
partner,0,0,0,0,0,0,1,0,1,0,0,0
party,1,1,0,0,0,0,1,0,0,0,1,0
passion,1,1,0,0,0,0,0,0,0,0,0,0
pathetic,1,0,1,0,0,1,0,0,0,0,0,0
patholog,0,0,0,0,0,0,0,0,0,1,0,0
peace,1,1,0,0,0,0,0,0,0,0,0,0
peculiar,1,0,1,0,0,0,0,0,0,0,0,0
pediatr,0,0,0,0,0,0,0,0,0,1,0,0
people,0,0,0,0,0,0,1,0,0,0,0,0
perfect,1,1,0,0,0,0,0,0,0,0,0,0
person,0,0,0,0,0,0,1,0,0,0,0,0
person's,0,0,0,0,0,0,1,0,0,0,0,0
personal,1,0,0,0,0,0,1,0,0,0,0,0
persons,0,0,0,0,0,0,1,0,0,0,0,0
persua,0,0,0,0,0,0,1,0,0,0,0,0
perver,1,0,1,0,0,0,0,0,0,0,0,0
pessimis,1,0,1,0,0,1,0,0,0,0,0,0
petrif,1,0,1,1,0,0,0,0,0,0,0,0
pettie,1,0,1,0,1,0,0,0,0,0,0,0
petty,1,0,1,0,1,0,0,0,0,0,0,0
pharmac,0,0,0,0,0,0,0,0,0,1,0,0
phobi,1,0,1,1,0,0,0,0,0,1,0,0
phone,0,0,0,0,0,0,1,0,0,0,0,0
phoning,0,0,0,0,0,0,1,0,0,0,0,0
physical,0,0,0,0,0,0,0,0,0,1,0,0
physician,0,0,0,0,0,0,0,0,0,1,0,0
pill,0,0,0,0,0,0,0,0,0,1,0,0
pills,0,0,0,0,0,0,0,0,0,1,0,0
pimple,0,0,0,0,0,0,0,0,0,1,0,0
piss,1,0,1,0,1,0,0,0,0,0,0,0
pitcher,0,0,0,0,0,0,0,0,0,0,1,0
piti,1,0,1,0,0,1,0,0,0,0,0,0
pity,1,0,1,0,0,1,0,0,0,0,0,0
plague,0,0,0,0,0,0,0,0,0,0,0,1
play,1,1,0,0,0,0,0,0,0,0,1,0
played,1,1,0,0,0,0,0,0,0,0,1,0
playful,1,1,0,0,0,0,0,0,0,0,1,0
playing,1,1,0,0,0,0,0,0,0,0,1,0
plays,1,1,0,0,0,0,0,0,0,0,1,0
playstation,0,0,0,0,0,0,0,0,0,0,1,0
pleasant,1,1,0,0,0,0,0,0,0,0,0,0
please,1,1,0,0,0,0,0,0,0,0,0,0
pleasing,1,1,0,0,0,0,0,0,0,0,0,0
pleasur,1,1,0,0,0,0,0,0,0,0,0,0
pms,0,0,0,0,0,0,0,0,0,1,0,0
podiatr,0,0,0,0,0,0,0,0,0,1,0,0
poetry,0,0,0,0,0,0,0,0,0,0,1,0
poison,1,0,1,0,1,0,0,0,0,1,0,0
poker,0,0,0,0,0,0,0,0,0,0,1,0
pool,0,0,0,0,0,0,0,0,0,0,1,0
popular,1,1,0,0,0,0,0,0,0,0,0,0
positiv,1,1,0,0,0,0,0,0,0,0,0,0
prais,1,1,0,0,0,0,1,0,0,0,0,0
precious,1,1,0,0,0,0,0,0,0,0,0,0
pregnan,0,0,0,0,0,0,0,0,0,1,0,0
prejudic,1,0,1,0,1,0,0,0,0,0,0,0
prescri,0,0,0,0,0,0,0,0,0,1,0,0
pressur,1,0,1,1,0,0,0,0,0,0,0,0
pretend,0,0,0,0,0,0,0,0,0,0,1,0
prettie,1,1,0,0,0,0,0,0,0,0,0,0
pretty,1,1,0,0,0,0,0,0,0,0,0,0
prick,1,0,1,0,1,0,0,0,0,0,0,0
pride,1,1,0,0,0,0,0,0,0,0,0,0
private,0,0,0,0,0,0,1,0,0,0,0,0
privileg,1,1,0,0,0,0,0,0,0,0,0,0
prize,1,1,0,0,0,0,0,0,0,0,0,0
problem,1,0,1,0,0,0,0,0,0,0,0,0
profit,1,1,0,0,0,0,0,0,0,0,0,0
prognos,0,0,0,0,0,0,0,0,0,1,0,0
promis,1,1,0,0,0,0,0,0,0,0,0,0
protest,1,0,1,0,1,0,0,0,0,0,0,0
protested,1,0,1,0,1,0,0,0,0,0,0,0
protesting,1,0,1,0,1,0,0,0,0,0,0,0
proud,1,1,0,0,0,0,0,0,0,0,0,0
provide,0,0,0,0,0,0,1,0,0,0,0,0
prozac,0,0,0,0,0,0,0,0,0,1,0,0
pub,0,0,0,0,0,0,0,0,0,0,1,0
public,0,0,0,0,0,0,1,0,0,0,0,0
pubs,0,0,0,0,0,0,0,0,0,0,1,0
puk,1,0,1,0,0,0,0,0,0,1,0,0
punish,1,0,1,0,1,0,0,0,0,0,0,0
puss,0,0,0,0,0,0,0,0,0,1,0,0
queas,0,0,0,0,0,0,0,0,0,1,0,0
question,0,0,0,0,0,0,1,0,0,0,0,0
radian,1,1,0,0,0,0,0,0,0,0,0,0
radio,0,0,0,0,0,0,0,0,0,0,1,0
rage,1,0,1,0,1,0,0,0,0,0,0,0
raging,1,0,1,0,1,0,0,0,0,0,0,0
rancid,1,0,1,0,0,0,0,0,0,0,0,0
rap,0,0,0,0,0,0,0,0,0,0,1,0
rape,1,0,1,0,1,0,0,0,0,0,0,0
raping,1,0,1,0,1,0,0,0,0,0,0,0
rapist,1,0,1,0,1,0,0,0,0,0,0,0
read,0,0,0,0,0,0,0,0,0,0,1,0
readiness,1,1,0,0,0,0,0,0,0,0,0,0
reading,0,0,0,0,0,0,0,0,0,0,1,0
ready,1,1,0,0,0,0,0,0,0,0,0,0
reaper,0,0,0,0,0,0,0,0,0,0,0,1
reassur,1,1,0,0,0,0,1,0,0,0,0,0
rebel,1,0,1,0,1,0,0,0,0,0,0,0
receiv,0,0,0,0,0,0,1,0,0,0,0,0
recording,0,0,0,0,0,0,0,0,0,0,1,0
recreation,0,0,0,0,0,0,0,0,0,0,1,0
reek,1,0,1,0,0,0,0,0,0,0,0,0
refus,0,0,0,0,0,0,1,0,0,0,0,0
reggae,0,0,0,0,0,0,0,0,0,0,1,0
regret,1,0,1,0,0,1,0,0,0,0,0,0
rehab,0,0,0,0,0,0,0,0,0,1,0,0
reject,1,0,1,0,0,1,0,0,0,0,0,0
relationship,0,0,0,0,0,0,1,0,0,0,0,0
relatives,0,0,0,0,0,0,1,1,0,0,0,0
relax,1,1,0,0,0,0,0,0,0,0,1,0
relief,1,1,0,0,0,0,0,0,0,0,0,0
reliev,1,1,0,0,0,0,0,0,0,0,0,0
reluctan,1,0,1,1,0,0,0,0,0,0,0,0
remorse,1,0,1,0,0,1,0,0,0,0,0,0
replie,0,0,0,0,0,0,1,0,0,0,0,0
reply,0,0,0,0,0,0,1,0,0,0,0,0
repress,1,0,1,1,0,0,0,0,0,0,0,0
request,0,0,0,0,0,0,1,0,0,0,0,0
resent,1,0,1,0,1,0,0,0,0,0,0,0
resign,1,0,1,0,0,1,0,0,0,0,0,0
resolv,1,1,0,0,0,0,0,0,0,0,0,0
respect,1,1,0,0,0,0,0,0,0,0,0,0
respond,0,0,0,0,0,0,1,0,0,0,0,0
restau,0,0,0,0,0,0,0,0,0,0,1,0
resting,0,0,0,0,0,0,0,0,0,0,1,0
restless,1,0,1,1,0,0,0,0,0,0,0,0
revenge,1,0,1,0,1,0,0,0,0,0,0,0
revigor,1,1,0,0,0,0,0,0,0,0,0,0
reward,1,1,0,0,0,0,0,0,0,0,0,0
rich,1,1,0,0,0,0,0,0,0,0,0,0
ridicul,1,0,1,0,1,0,0,0,0,0,0,0
rigid,1,0,1,1,0,0,0,0,0,0,0,0
risk,1,0,1,1,0,0,0,0,0,0,0,0
ritalin,0,0,0,0,0,0,0,0,0,1,0,0
rock,0,0,0,0,0,0,0,0,0,0,1,0
rocks,0,0,0,0,0,0,0,0,0,0,1,0
rofl,1,1,0,0,0,0,0,0,0,0,0,0
role,0,0,0,0,0,0,1,0,0,0,0,0
roller,0,0,0,0,0,0,0,0,0,0,1,0
romanc,1,1,0,0,0,0,0,0,0,0,0,0
romantic,1,1,0,0,0,0,0,0,0,0,0,0
roomate,0,0,0,0,0,0,1,0,1,0,0,0
roomed,0,0,0,0,0,0,1,0,0,0,0,0
roomie,0,0,0,0,0,0,1,0,1,0,0,0
rooming,0,0,0,0,0,0,1,0,0,0,0,0
roommate,0,0,0,0,0,0,1,0,1,0,0,0
rotten,1,0,1,0,0,0,0,0,0,0,0,0
rowing,0,0,0,0,0,0,0,0,0,0,1,0
rude,1,0,1,0,1,0,0,0,0,0,0,0
rugby,0,0,0,0,0,0,0,0,0,0,1,0
ruin,1,0,1,0,0,1,0,0,0,0,0,0
rum,0,0,0,0,0,0,0,0,0,0,1,0
rumor,0,0,0,0,0,0,1,0,0,0,0,0
rumour,0,0,0,0,0,0,1,0,0,0,0,0
runner,0,0,0,0,0,0,0,0,0,0,1,0
running,0,0,0,0,0,0,0,0,0,0,1,0
rx,0,0,0,0,0,0,0,0,0,1,0,0
sad,1,0,1,0,0,1,0,0,0,0,0,0
sadde,1,0,1,0,0,1,0,0,0,0,0,0
sadly,1,0,1,0,0,1,0,0,0,0,0,0
sadness,1,0,1,0,0,1,0,0,0,0,0,0
safe,1,1,0,0,0,0,0,0,0,0,0,0
said,0,0,0,0,0,0,1,0,0,0,0,0
salsa,0,0,0,0,0,0,0,0,0,0,1,0
sang,0,0,0,0,0,0,0,0,0,0,1,0
sarcas,1,0,1,0,1,0,0,0,0,0,0,0
satisf,1,1,0,0,0,0,0,0,0,0,0,0
savage,1,0,1,0,1,0,0,0,0,0,0,0
save,1,1,0,0,0,0,0,0,0,0,0,0
say,0,0,0,0,0,0,1,0,0,0,0,0
scab,0,0,0,0,0,0,0,0,0,1,0,0
scare,1,0,1,1,0,0,0,0,0,0,0,0
scaring,1,0,1,1,0,0,0,0,0,0,0,0
scary,1,0,1,1,0,0,0,0,0,0,0,0
sceptic,1,0,1,0,1,0,0,0,0,0,0,0
schizophren,0,0,0,0,0,0,0,0,0,1,0,0
scrabble,0,0,0,0,0,0,0,0,0,0,1,0
scrapbook,0,0,0,0,0,0,0,0,0,0,1,0
scrape,0,0,0,0,0,0,0,0,0,1,0,0
scream,1,0,1,0,0,0,0,0,0,0,0,0
screw,1,0,1,0,1,0,0,0,0,0,0,0
scrumptious,1,1,0,0,0,0,0,0,0,0,0,0
sculpt,0,0,0,0,0,0,0,0,0,0,1,0
secret,0,0,0,0,0,0,1,0,0,0,0,0
secretive,0,0,0,0,0,0,1,0,0,0,0,0
secrets,0,0,0,0,0,0,1,0,0,0,0,0
secur,1,1,0,0,0,0,0,0,0,0,0,0
seizure,0,0,0,0,0,0,0,0,0,1,0,0
self,0,0,0,0,0,0,1,0,0,0,0,0
selfish,1,0,1,0,0,0,0,0,0,0,0,0
send,0,0,0,0,0,0,1,0,0,0,0,0
sent,0,0,0,0,0,0,1,0,0,0,0,0
sentimental,1,1,0,0,0,0,0,0,0,0,0,0
serious,1,0,1,0,0,0,0,0,0,0,0,0
seriously,1,0,1,0,0,0,0,0,0,0,0,0
seriousness,1,0,1,0,0,0,0,0,0,0,0,0
severe,1,0,1,0,0,0,0,0,0,0,0,0
shake,1,0,1,1,0,0,0,0,0,0,0,0
shaki,1,0,1,1,0,0,0,0,0,0,0,0
shaky,1,0,1,1,0,0,0,0,0,0,0,0
shame,1,0,1,1,0,0,0,0,0,0,0,0
share,1,1,0,0,0,0,1,0,0,0,0,0
shared,1,1,0,0,0,0,1,0,0,0,0,0
shares,1,1,0,0,0,0,1,0,0,0,0,0
sharing,1,1,0,0,0,0,1,0,0,0,0,0
she,0,0,0,0,0,0,1,0,0,0,0,0
shit,1,0,1,0,1,0,0,0,0,0,0,0
shock,1,0,1,0,0,0,0,0,0,0,0,0
shook,1,0,1,1,0,0,0,0,0,0,0,0
shop,0,0,0,0,0,0,0,0,0,0,1,0
shopaholic,0,0,0,0,0,0,0,0,0,0,1,0
shopp,0,0,0,0,0,0,0,0,0,0,1,0
shops,0,0,0,0,0,0,0,0,0,0,1,0
show,0,0,0,0,0,0,0,0,0,0,1,0
shows,0,0,0,0,0,0,0,0,0,0,1,0
shy,1,0,1,1,0,0,0,0,0,0,0,0
sick,0,0,0,0,0,0,0,0,0,1,0,0
sickday,0,0,0,0,0,0,0,0,0,1,0,0
sicken,1,0,1,1,0,0,0,0,0,0,0,0
sicker,0,0,0,0,0,0,0,0,0,1,0,0
sickest,0,0,0,0,0,0,0,0,0,1,0,0
sickleave,0,0,0,0,0,0,0,0,0,1,0,0
sickly,0,0,0,0,0,0,0,0,0,1,0,0
sickness,0,0,0,0,0,0,0,0,0,1,0,0
sigh,1,0,0,0,0,0,0,0,0,0,0,0
sighed,1,0,0,0,0,0,0,0,0,0,0,0
sighing,1,0,0,0,0,0,0,0,0,0,0,0
sighs,1,0,0,0,0,0,0,0,0,0,0,0
silli,1,1,0,0,0,0,0,0,0,0,0,0
silly,1,1,0,0,0,0,0,0,0,0,0,0
sin,1,0,1,0,0,0,0,0,0,0,0,0
sincer,1,1,0,0,0,0,0,0,0,0,0,0
sing,0,0,0,0,0,0,0,0,0,0,1,0
singing,0,0,0,0,0,0,0,0,0,0,1,0
sings,0,0,0,0,0,0,0,0,0,0,1,0
sinister,1,0,1,0,1,0,0,0,0,0,0,0
sins,1,0,1,0,0,0,0,0,0,0,0,0
sinus,0,0,0,0,0,0,0,0,0,1,0,0
sir,0,0,0,0,0,0,1,0,0,0,0,0
sis,0,0,0,0,0,0,1,1,0,0,0,0
sister,0,0,0,0,0,0,1,1,0,0,0,0
skat,0,0,0,0,0,0,0,0,0,0,1,0
skeptic,1,0,1,0,1,0,0,0,0,0,0,0
ski,0,0,0,0,0,0,0,0,0,0,1,0
skied,0,0,0,0,0,0,0,0,0,0,1,0
skier,0,0,0,0,0,0,0,0,0,0,1,0
skiing,0,0,0,0,0,0,0,0,0,0,1,0
skis,0,0,0,0,0,0,0,0,0,0,1,0
slaughter,0,0,0,0,0,0,0,0,0,0,0,1
slut,1,0,1,0,0,0,0,0,0,0,0,0
smart,1,1,0,0,0,0,0,0,0,0,0,0
smil,1,1,0,0,0,0,0,0,0,0,0,0
smother,1,0,1,0,1,0,0,0,0,0,0,0
smug,1,0,1,0,0,0,0,0,0,0,0,0
snob,1,0,1,0,1,0,0,0,0,0,0,0
soaps,0,0,0,0,0,0,0,0,0,0,1,0
sob,1,0,1,0,0,1,0,0,0,0,0,0
sobbed,1,0,1,0,0,1,0,0,0,0,0,0
sobbing,1,0,1,0,0,1,0,0,0,0,0,0
sobs,1,0,1,0,0,1,0,0,0,0,0,0
soccer,0,0,0,0,0,0,0,0,0,0,1,0
sociab,1,1,0,0,0,0,0,0,0,0,0,0
social,0,0,0,0,0,0,1,0,0,0,0,0
societ,0,0,0,0,0,0,1,0,0,0,0,0
solemn,1,0,1,0,0,1,0,0,0,0,0,0
solitaire,0,0,0,0,0,0,0,0,0,0,1,0
somebod,0,0,0,0,0,0,1,0,0,0,0,0
someone,0,0,0,0,0,0,1,0,0,0,0,0
son,0,0,0,0,0,0,1,1,0,0,0,0
son's,0,0,0,0,0,0,1,1,0,0,0,0
song,0,0,0,0,0,0,0,0,0,0,1,0
sons,0,0,0,0,0,0,1,1,0,0,0,0
sore,0,0,0,0,0,0,0,0,0,1,0,0
sorrow,1,0,1,0,0,1,0,0,0,0,0,0
sorry,1,0,1,0,0,0,0,0,0,0,0,0
soulmate,1,1,0,0,0,0,1,0,1,0,0,0
spa,0,0,0,0,0,0,0,0,0,0,1,0
spas,0,0,0,0,0,0,0,0,0,0,1,0
speak,0,0,0,0,0,0,1,0,0,0,0,0
speaking,0,0,0,0,0,0,1,0,0,0,0,0
speaks,0,0,0,0,0,0,1,0,0,0,0,0
special,1,1,0,0,0,0,0,0,0,0,0,0
spite,1,0,1,0,1,0,0,0,0,0,0,0
splend,1,1,0,0,0,0,0,0,0,0,0,0
spoke,0,0,0,0,0,0,1,0,0,0,0,0
sport,0,0,0,0,0,0,0,0,0,0,1,0
spous,0,0,0,0,0,0,1,1,0,0,0,0
stammer,1,0,1,0,0,0,0,0,0,0,0,0
standup,0,0,0,0,0,0,0,0,0,0,1,0
stank,1,0,1,0,0,0,0,0,0,0,0,0
startl,1,0,1,1,0,0,0,0,0,0,0,0
std,0,0,0,0,0,0,0,0,0,1,0,0
steal,1,0,1,0,0,0,0,0,0,0,0,0
stench,1,0,1,0,0,0,0,0,0,0,0,0
stepchild,0,0,0,0,0,0,1,1,0,0,0,0
stepfat,0,0,0,0,0,0,1,1,0,0,0,0
stepkid,0,0,0,0,0,0,1,1,0,0,0,0
stepmot,0,0,0,0,0,0,1,1,0,0,0,0
stereo,0,0,0,0,0,0,0,0,0,0,1,0
stereos,0,0,0,0,0,0,0,0,0,0,1,0
stiff,0,0,0,0,0,0,0,0,0,1,0,0
stink,1,0,1,0,0,0,0,0,0,0,0,0
stoned,0,0,0,0,0,0,0,0,0,0,1,0
stories,0,0,0,0,0,0,1,0,0,0,0,0
story,0,0,0,0,0,0,1,0,0,0,0,0
strain,1,0,1,1,0,0,0,0,0,0,0,0
strange,1,0,1,0,0,0,0,0,0,0,0,0
strength,1,1,0,0,0,0,0,0,0,0,0,0
strept,0,0,0,0,0,0,0,0,0,1,0,0
stress,1,0,1,1,0,0,0,0,0,0,0,0
stroke,0,0,0,0,0,0,0,0,0,1,0,0
strong,1,1,0,0,0,0,0,0,0,0,0,0
struggl,1,0,1,1,0,0,0,0,0,0,0,0
stubborn,1,0,1,0,1,0,0,0,0,0,0,0
stunk,1,0,1,0,0,0,0,0,0,0,0,0
stunned,1,0,1,1,0,0,0,0,0,0,0,0
stuns,1,0,1,1,0,0,0,0,0,0,0,0
stupid,1,0,1,0,1,0,0,0,0,0,0,0
stutter,1,0,1,0,0,0,0,0,0,0,0,0
submissive,1,0,1,0,0,0,0,0,0,0,0,0
succeed,1,1,0,0,0,0,0,0,0,0,0,0
success,1,1,0,0,0,0,0,0,0,0,0,0
suck,1,0,1,0,1,0,0,0,0,0,0,0
sucked,1,0,1,0,1,0,0,0,0,0,0,0
sucker,1,0,1,0,1,0,0,0,0,0,0,0
sucks,1,0,1,0,1,0,0,0,0,0,0,0
sucky,1,0,1,0,1,0,0,0,0,0,0,0
suffer,1,0,1,0,0,1,0,0,0,0,0,0
suffered,1,0,1,0,0,1,0,0,0,0,0,0
sufferer,1,0,1,0,0,1,0,0,0,0,0,0
suffering,1,0,1,0,0,1,0,0,0,0,0,0
suffers,1,0,1,0,0,1,0,0,0,0,0,0
suggest,0,0,0,0,0,0,1,0,0,0,0,0
suicid,0,0,0,0,0,0,0,0,0,0,0,1
sunbath,0,0,0,0,0,0,0,0,0,0,1,0
sunburn,0,0,0,0,0,0,0,0,0,1,0,0
sunnier,1,1,0,0,0,0,0,0,0,0,0,0
sunniest,1,1,0,0,0,0,0,0,0,0,0,0
sunny,1,1,0,0,0,0,0,0,0,0,0,0
sunshin,1,1,0,0,0,0,0,0,0,0,0,0
super,1,1,0,0,0,0,0,0,0,0,0,0
superior,1,1,0,0,0,0,0,0,0,0,0,0
support,1,1,0,0,0,0,0,0,0,0,0,0
supported,1,1,0,0,0,0,0,0,0,0,0,0
supporter,1,1,0,0,0,0,0,0,0,0,0,0
supporting,1,1,0,0,0,0,0,0,0,0,0,0
supportive,1,1,0,0,0,0,0,0,0,0,0,0
supports,1,1,0,0,0,0,0,0,0,0,0,0
suprem,1,1,0,0,0,0,0,0,0,0,0,0
sure,1,1,0,0,0,0,0,0,0,0,0,0
surgeon,0,0,0,0,0,0,0,0,0,1,0,0
surger,0,0,0,0,0,0,0,0,0,1,0,0
surpris,1,1,0,0,0,0,0,0,0,0,0,0
suspicio,1,0,1,1,0,0,0,0,0,0,0,0
sweet,1,1,0,0,0,0,0,0,0,0,0,0
sweetheart,1,1,0,0,0,0,1,0,1,0,0,0
sweetie,1,1,0,0,0,0,1,0,1,0,0,0
sweetly,1,1,0,0,0,0,0,0,0,0,0,0
sweetness,1,1,0,0,0,0,0,0,0,0,0,0
sweets,1,1,0,0,0,0,0,0,0,0,0,0
swelling,0,0,0,0,0,0,0,0,0,1,0,0
swim,0,0,0,0,0,0,0,0,0,0,1,0
swollen,0,0,0,0,0,0,0,0,0,1,0,0
symphon,0,0,0,0,0,0,0,0,0,0,1,0
symptom,0,0,0,0,0,0,0,0,0,1,0,0
syndrome,0,0,0,0,0,0,0,0,0,1,0,0
syphili,0,0,0,0,0,0,0,0,0,1,0,0
talent,1,1,0,0,0,0,0,0,0,0,0,0
talk,0,0,0,0,0,0,1,0,0,0,0,0
talkative,0,0,0,0,0,0,1,0,0,0,0,0
talked,0,0,0,0,0,0,1,0,0,0,0,0
talker,0,0,0,0,0,0,1,0,0,0,0,0
talking,0,0,0,0,0,0,1,0,0,0,0,0
talks,0,0,0,0,0,0,1,0,0,0,0,0
tanning,0,0,0,0,0,0,0,0,0,0,1,0
tantrum,1,0,1,0,1,0,0,0,0,0,0,0
team,0,0,0,0,0,0,1,0,0,0,1,0
tears,1,0,1,0,0,1,0,0,0,0,0,0
teas,1,0,1,0,1,0,1,0,0,0,0,0
techno,0,0,0,0,0,0,0,0,0,0,1,0
tehe,1,1,0,0,0,0,0,0,0,0,0,0
telephon,0,0,0,0,0,0,1,0,0,0,0,0
television,0,0,0,0,0,0,0,0,0,0,1,0
tell,0,0,0,0,0,0,1,0,0,0,0,0
telling,0,0,0,0,0,0,1,0,0,0,0,0
tells,0,0,0,0,0,0,1,0,0,0,0,0
temper,1,0,1,0,1,0,0,0,0,0,0,0
tempers,1,0,1,0,1,0,0,0,0,0,0,0
tender,1,1,0,0,0,0,0,0,0,1,0,0
tendoni,0,0,0,0,0,0,0,0,0,1,0,0
tennis,0,0,0,0,0,0,0,0,0,0,1,0
tense,1,0,1,1,0,0,0,0,0,0,0,0
tensing,1,0,1,1,0,0,0,0,0,0,0,0
tension,1,0,1,1,0,0,0,0,0,0,0,0
tequila,0,0,0,0,0,0,0,0,0,0,1,0
terribl,1,0,1,0,0,0,0,0,0,0,0,0
terrific,1,1,0,0,0,0,0,0,0,0,0,0
terrified,1,0,1,1,0,0,0,0,0,0,0,0
terrifies,1,0,1,1,0,0,0,0,0,0,0,0
terrify,1,0,1,1,1,0,0,0,0,0,0,0
terrifying,1,0,1,1,0,0,0,0,0,0,0,0
terror,1,0,1,1,0,0,0,0,0,0,0,0
testosterone,0,0,0,0,0,0,0,0,0,1,0,0
thank,1,1,0,0,0,0,0,0,0,0,0,0
thanked,1,1,0,0,0,0,0,0,0,0,0,0
thankf,1,1,0,0,0,0,0,0,0,0,0,0
thanks,1,1,0,0,0,0,0,0,0,0,0,0
theat,0,0,0,0,0,0,0,0,0,0,1,0
thee,0,0,0,0,0,0,1,0,0,0,0,0
their,0,0,0,0,0,0,1,0,0,0,0,0
them,0,0,0,0,0,0,1,0,0,0,0,0
themselves,0,0,0,0,0,0,1,0,0,0,0,0
therap,0,0,0,0,0,0,0,0,0,1,0,0
thermometer,0,0,0,0,0,0,0,0,0,1,0,0
they,0,0,0,0,0,0,1,0,0,0,0,0
they're,0,0,0,0,0,0,1,0,0,0,0,0
theyre,0,0,0,0,0,0,1,0,0,0,0,0
thief,1,0,1,0,0,0,0,0,0,0,0,0
thieve,1,0,1,0,0,0,0,0,0,0,0,0
thine,0,0,0,0,0,0,1,0,0,0,0,0
thou,0,0,0,0,0,0,1,0,0,0,0,0
thoughtful,1,1,0,0,0,0,0,0,0,0,0,0
thoust,0,0,0,0,0,0,1,0,0,0,0,0
threat,1,0,1,0,1,0,0,0,0,0,0,0
thrill,1,1,0,0,0,0,0,0,0,0,0,0
throb,0,0,0,0,0,0,0,0,0,1,0,0
thy,0,0,0,0,0,0,1,0,0,0,0,0
thyroid,0,0,0,0,0,0,0,0,0,1,0,0
ticked,1,0,1,0,1,0,0,0,0,0,0,0
ticket,0,0,0,0,0,0,0,0,0,0,1,0
timid,1,0,1,1,0,0,0,0,0,0,0,0
tingl,0,0,0,0,0,0,0,0,0,1,0,0
tire,0,0,0,0,0,0,0,0,0,1,0,0
tiring,0,0,0,0,0,0,0,0,0,1,0,0
tivo,0,0,0,0,0,0,0,0,0,0,1,0
told,0,0,0,0,0,0,1,0,0,0,0,0
toleran,1,1,0,0,0,0,0,0,0,0,0,0
tomb,0,0,0,0,0,0,0,0,0,0,0,1
tortur,1,0,1,0,1,0,0,0,0,0,0,0
tough,1,0,1,0,0,0,0,0,0,0,0,0
tox,0,0,0,0,0,0,0,0,0,1,0,0
toy,0,0,0,0,0,0,0,0,0,0,1,0
traged,1,0,1,0,0,1,0,0,0,0,0,0
tragic,1,0,1,0,0,1,0,0,0,0,0,0
tranquil,1,1,0,0,0,0,0,0,0,0,0,0
transact,0,0,0,0,0,0,1,0,0,0,0,0
trauma,1,0,1,0,0,0,0,0,0,0,0,0
travel,0,0,0,0,0,0,0,0,0,0,1,0
treasur,1,1,0,0,0,0,0,0,0,0,0,0
treat,1,1,0,0,0,0,0,0,0,0,0,0
trembl,1,0,1,1,0,0,0,0,0,0,0,0
triathl,0,0,0,0,0,0,0,0,0,0,1,0
trick,1,0,1,0,1,0,0,0,0,0,0,0
trite,1,0,1,0,0,0,0,0,0,0,0,0
triumph,1,1,0,0,0,0,0,0,0,0,0,0
trivi,1,0,1,0,0,0,0,0,0,0,0,0
troubl,1,0,1,0,0,0,0,0,0,0,0,0
true,1,1,0,0,0,0,0,0,0,0,0,0
trueness,1,1,0,0,0,0,0,0,0,0,0,0
truer,1,1,0,0,0,0,0,0,0,0,0,0
truest,1,1,0,0,0,0,0,0,0,0,0,0
truly,1,1,0,0,0,0,0,0,0,0,0,0
trust,1,1,0,0,0,0,0,0,0,0,0,0
truth,1,1,0,0,0,0,0,0,0,0,0,0
tumo,0,0,0,0,0,0,0,0,0,1,0,0
turmoil,1,0,1,1,0,0,0,0,0,0,0,0
tv,0,0,0,0,0,0,0,0,0,0,1,0
twitch,0,0,0,0,0,0,0,0,0,1,0,0
tylenol,0,0,0,0,0,0,0,0,0,1,0,0
ugh,1,0,1,0,0,0,0,0,0,0,0,0
ugl,1,0,1,0,1,0,0,0,0,0,0,0
ulcer,0,0,0,0,0,0,0,0,0,1,0,0
unattractive,1,0,1,0,0,0,0,0,0,0,0,0
uncertain,1,0,1,1,0,0,0,0,0,0,0,0
uncle,0,0,0,0,0,0,1,1,0,0,0,0
uncle's,0,0,0,0,0,0,1,1,0,0,0,0
uncles,0,0,0,0,0,0,1,1,0,0,0,0
uncomfortabl,1,0,1,1,0,0,0,0,0,0,0,0
uncontrol,1,0,1,1,0,0,0,0,0,0,0,0
uneas,1,0,1,1,0,0,0,0,0,0,0,0
unfortunate,1,0,1,0,0,0,0,0,0,0,0,0
unfriendly,1,0,1,0,0,0,0,0,0,0,0,0
ungrateful,1,0,1,0,0,0,0,0,0,0,0,0
unhapp,1,0,1,0,0,1,0,0,0,0,0,0
unhealth,0,0,0,0,0,0,0,0,0,1,0,0
unimportant,1,0,1,0,0,1,0,0,0,0,0,0
unimpress,1,0,1,0,0,0,0,0,0,0,0,0
unkind,1,0,1,0,0,0,0,0,0,0,0,0
unlov,1,0,1,0,0,0,0,0,0,0,0,0
unpleasant,1,0,1,0,0,0,0,0,0,0,0,0
unprotected,1,0,1,0,0,0,0,0,0,0,0,0
unsavo,1,0,1,0,0,0,0,0,0,0,0,0
unsuccessful,1,0,1,0,0,1,0,0,0,0,0,0
unsure,1,0,1,1,0,0,0,0,0,0,0,0
unwelcom,1,0,1,0,0,0,0,0,0,0,0,0
unwind,0,0,0,0,0,0,0,0,0,0,1,0
upset,1,0,1,1,0,0,0,0,0,0,0,0
uptight,1,0,1,1,0,0,0,0,0,0,0,0
ur,0,0,0,0,0,0,1,0,0,0,0,0
urn,0,0,0,0,0,0,0,0,0,0,0,1
us,0,0,0,0,0,0,1,0,0,0,0,0
useful,1,1,0,0,0,0,0,0,0,0,0,0
useless,1,0,1,0,0,1,0,0,0,0,0,0
vacation,0,0,0,0,0,0,0,0,0,0,1,0
vain,1,0,1,0,0,0,0,0,0,0,0,0
valuabl,1,1,0,0,0,0,0,0,0,0,0,0
value,1,1,0,0,0,0,0,0,0,0,0,0
valued,1,1,0,0,0,0,0,0,0,0,0,0
values,1,1,0,0,0,0,0,0,0,0,0,0
valuing,1,1,0,0,0,0,0,0,0,0,0,0
vanity,1,0,1,0,0,0,0,0,0,0,0,0
vcr,0,0,0,0,0,0,0,0,0,0,1,0
vertigo,0,0,0,0,0,0,0,0,0,1,0,0
viagra,0,0,0,0,0,0,0,0,0,1,0,0
vicious,1,0,1,0,1,0,0,0,0,0,0,0
vicodin,0,0,0,0,0,0,0,0,0,1,0,0
victim,1,0,1,0,1,0,0,0,0,0,0,0
video,0,0,0,0,0,0,0,0,0,0,1,0
vigor,1,1,0,0,0,0,0,0,0,0,0,0
vigour,1,1,0,0,0,0,0,0,0,0,0,0
vile,1,0,1,0,1,0,0,0,0,0,0,0
villain,1,0,1,0,1,0,0,0,0,0,0,0
violat,1,0,1,0,1,0,0,0,0,0,0,0
violent,1,0,1,0,1,0,0,0,0,0,0,0
virtue,1,1,0,0,0,0,0,0,0,0,0,0
virtuo,1,1,0,0,0,0,0,0,0,0,0,0
visit,0,0,0,0,0,0,1,0,0,0,0,0
vital,1,1,0,0,0,0,0,0,0,0,0,0
vitamin,0,0,0,0,0,0,0,0,0,1,0,0
vodka,0,0,0,0,0,0,0,0,0,0,1,0
volleyb,0,0,0,0,0,0,0,0,0,0,1,0
vomit,0,0,0,0,0,0,0,0,0,1,0,0
vulnerab,1,0,1,1,0,0,0,0,0,0,0,0
vulture,1,0,1,0,0,0,0,0,0,0,0,0
war,1,0,1,0,1,0,0,0,0,0,0,1
warfare,1,0,1,0,1,0,0,0,0,0,0,0
warm,1,1,0,0,0,0,0,0,0,0,0,0
warred,1,0,1,0,1,0,0,0,0,0,0,0
warring,1,0,1,0,1,0,0,0,0,0,0,0
wars,1,0,1,0,1,0,0,0,0,0,0,0
wart,0,0,0,0,0,0,0,0,0,1,0,0
warts,0,0,0,0,0,0,0,0,0,1,0,0
wash,0,0,0,0,0,0,0,0,0,1,0,0
we,0,0,0,0,0,0,1,0,0,0,0,0
weak,1,0,1,0,0,0,0,0,0,1,0,0
wealth,1,1,0,0,0,0,0,0,0,0,0,0
weapon,1,0,1,0,1,0,0,0,0,0,0,0
weary,0,0,0,0,0,0,0,0,0,1,0,0
wed,0,0,0,0,0,0,1,0,0,0,0,0
wedding,0,0,0,0,0,0,1,0,0,0,0,0
weds,0,0,0,0,0,0,1,0,0,0,0,0
weekend,0,0,0,0,0,0,0,0,0,0,1,0
weep,1,0,1,0,0,1,0,0,0,0,0,0
weightlift,0,0,0,0,0,0,0,0,0,0,1,0
weights,0,0,0,0,0,0,0,0,0,0,1,0
weird,1,0,1,0,0,0,0,0,0,0,0,0
welcom,1,1,0,0,0,0,1,0,0,0,0,0
well,1,1,0,0,0,0,0,0,0,0,0,0
wept,1,0,1,0,0,1,0,0,0,0,0,0
wheez,0,0,0,0,0,0,0,0,0,1,0,0
whine,1,0,1,0,0,1,0,0,0,0,0,0
whining,1,0,1,0,0,1,0,0,0,0,0,0
whiskey,0,0,0,0,0,0,0,0,0,0,1,0
whisky,0,0,0,0,0,0,0,0,0,0,1,0
who,0,0,0,0,0,0,1,0,0,0,0,0
who's,0,0,0,0,0,0,1,0,0,0,0,0
whom,0,0,0,0,0,0,1,0,0,0,0,0
whore,1,0,1,0,0,0,0,0,0,0,0,0
whos,0,0,0,0,0,0,1,0,0,0,0,0
whose,0,0,0,0,0,0,1,0,0,0,0,0
wicked,1,0,1,0,1,0,0,0,0,0,0,0
wife,0,0,0,0,0,0,1,1,0,0,0,0
willing,1,0,0,0,0,0,1,0,0,0,0,0
wimp,1,0,1,0,0,0,0,0,0,0,0,0
win,1,1,0,0,0,0,0,0,0,0,0,0
wine,0,0,0,0,0,0,0,0,0,0,1,0
wines,0,0,0,0,0,0,0,0,0,0,1,0
winn,1,1,0,0,0,0,0,0,0,0,0,0
wins,1,1,0,0,0,0,0,0,0,0,0,0
wisdom,1,1,0,0,0,0,0,0,0,0,0,0
wise,1,1,0,0,0,0,0,0,0,0,0,0
witch,1,0,1,0,0,0,0,0,0,0,0,0
withdrawal,0,0,0,0,0,0,0,0,0,1,0,0
wive,0,0,0,0,0,0,1,1,0,0,0,0
woe,1,0,1,0,0,1,0,0,0,0,0,0
woman,0,0,0,0,0,0,1,0,0,0,0,0
woman's,0,0,0,0,0,0,1,0,0,0,0,0
womanhood,0,0,0,0,0,0,1,0,0,0,0,0
womanly,0,0,0,0,0,0,1,0,0,0,0,0
women,0,0,0,0,0,0,1,0,0,0,0,0
won,1,1,0,0,0,0,0,0,0,0,0,0
wonderf,1,1,0,0,0,0,0,0,0,0,0,0
word,0,0,0,0,0,0,1,0,0,0,0,0
workout,0,0,0,0,0,0,0,0,0,0,1,0
worr,1,0,1,1,0,0,0,0,0,0,0,0
worse,1,0,1,0,0,0,0,0,0,0,0,0
worship,1,1,0,0,0,0,0,0,0,0,0,0
worst,1,0,1,0,0,0,0,0,0,0,0,0
worthless,1,0,1,0,0,1,0,0,0,0,0,0
worthwhile,1,1,0,0,0,0,0,0,0,0,0,0
wound,0,0,0,0,0,0,0,0,0,1,0,0
wow,1,1,0,0,0,0,0,0,0,0,0,0
write,0,0,0,0,0,0,1,0,0,0,0,0
writing,0,0,0,0,0,0,1,0,0,0,0,0
wrong,1,0,1,0,0,0,0,0,0,0,0,0
wrote,0,0,0,0,0,0,1,0,0,0,0,0
xanax,0,0,0,0,0,0,0,0,0,1,0,0
xbox,0,0,0,0,0,0,0,0,0,0,1,0
xray,0,0,0,0,0,0,0,0,0,1,0,0
y'all,0,0,0,0,0,0,1,0,0,0,0,0
ya,0,0,0,0,0,0,1,0,0,0,0,0
yall,0,0,0,0,0,0,1,0,0,0,0,0
yard,0,0,0,0,0,0,0,0,0,0,1,0
yawn,0,0,0,0,0,0,0,0,0,1,0,0
yay,1,1,0,0,0,0,0,0,0,0,0,0
yays,1,1,0,0,0,0,0,0,0,0,0,0
ye,0,0,0,0,0,0,1,0,0,0,0,0
yearn,1,0,1,0,0,1,0,0,0,0,0,0
yoga,0,0,0,0,0,0,0,0,0,0,1,0
you,0,0,0,0,0,0,1,0,0,0,0,0
your,0,0,0,0,0,0,1,0,0,0,0,0
yours,0,0,0,0,0,0,1,0,0,0,0,0
zit,0,0,0,0,0,0,0,0,0,1,0,0
zits,0,0,0,0,0,0,0,0,0,1,0,0
zoloft,0,0,0,0,0,0,0,0,0,1,0,0
